Series ID,Year,Period,Value
LNU03000000,1948,M01,2351
LNU03000000,1948,M02,2807
LNU03000000,1948,M03,2646
LNU03000000,1948,M04,2407
LNU03000000,1948,M05,2014
LNU03000000,1948,M06,2408
LNU03000000,1948,M07,2411
LNU03000000,1948,M08,2238
LNU03000000,1948,M09,2061
LNU03000000,1948,M10,1747
LNU03000000,1948,M11,2033
LNU03000000,1948,M12,2205
LNU03000000,1949,M01,2995
LNU03000000,1949,M02,3474
LNU03000000,1949,M03,3383
LNU03000000,1949,M04,3277
LNU03000000,1949,M05,3516
LNU03000000,1949,M06,3966
LNU03000000,1949,M07,4388
LNU03000000,1949,M08,3956
LNU03000000,1949,M09,3635
LNU03000000,1949,M10,3788
LNU03000000,1949,M11,3570
LNU03000000,1949,M12,3690
LNU03000000,1950,M01,4648
LNU03000000,1950,M02,4791
LNU03000000,1950,M03,4313
LNU03000000,1950,M04,3665
LNU03000000,1950,M05,3263
LNU03000000,1950,M06,3551
LNU03000000,1950,M07,3316
LNU03000000,1950,M08,2613
LNU03000000,1950,M09,2490
LNU03000000,1950,M10,2055
LNU03000000,1950,M11,2356
LNU03000000,1950,M12,2409
LNU03000000,1951,M01,2649
LNU03000000,1951,M02,2538
LNU03000000,1951,M03,2323
LNU03000000,1951,M04,1938
LNU03000000,1951,M05,1770
LNU03000000,1951,M06,2132
LNU03000000,1951,M07,2072
LNU03000000,1951,M08,1806
LNU03000000,1951,M09,1886
LNU03000000,1951,M10,1754
LNU03000000,1951,M11,1990
LNU03000000,1951,M12,1796
LNU03000000,1952,M01,2258
LNU03000000,1952,M02,2340
LNU03000000,1952,M03,2002
LNU03000000,1952,M04,1836
LNU03000000,1952,M05,1782
LNU03000000,1952,M06,2032
LNU03000000,1952,M07,2085
LNU03000000,1952,M08,1918
LNU03000000,1952,M09,1728
LNU03000000,1952,M10,1480
LNU03000000,1952,M11,1594
LNU03000000,1952,M12,1545
LNU03000000,1953,M01,2132
LNU03000000,1953,M02,1964
LNU03000000,1953,M03,1828
LNU03000000,1953,M04,1764
LNU03000000,1953,M05,1536
LNU03000000,1953,M06,1732
LNU03000000,1953,M07,1710
LNU03000000,1953,M08,1512
LNU03000000,1953,M09,1619
LNU03000000,1953,M10,1572
LNU03000000,1953,M11,2017
LNU03000000,1953,M12,2634
LNU03000000,1954,M01,3561
LNU03000000,1954,M02,3983
LNU03000000,1954,M03,4037
LNU03000000,1954,M04,3846
LNU03000000,1954,M05,3658
LNU03000000,1954,M06,3681
LNU03000000,1954,M07,3679
LNU03000000,1954,M08,3470
LNU03000000,1954,M09,3433
LNU03000000,1954,M10,2929
LNU03000000,1954,M11,3115
LNU03000000,1954,M12,3009
LNU03000000,1955,M01,3669
LNU03000000,1955,M02,3569
LNU03000000,1955,M03,3297
LNU03000000,1955,M04,3162
LNU03000000,1955,M05,2690
LNU03000000,1955,M06,2893
LNU03000000,1955,M07,2662
LNU03000000,1955,M08,2536
LNU03000000,1955,M09,2338
LNU03000000,1955,M10,2284
LNU03000000,1955,M11,2536
LNU03000000,1955,M12,2601
LNU03000000,1956,M01,3066
LNU03000000,1956,M02,3092
LNU03000000,1956,M03,3095
LNU03000000,1956,M04,2710
LNU03000000,1956,M05,2799
LNU03000000,1956,M06,3179
LNU03000000,1956,M07,2984
LNU03000000,1956,M08,2467
LNU03000000,1956,M09,2273
LNU03000000,1956,M10,2091
LNU03000000,1956,M11,2599
LNU03000000,1956,M12,2660
LNU03000000,1957,M01,3206
LNU03000000,1957,M02,3085
LNU03000000,1957,M03,2822
LNU03000000,1957,M04,2627
LNU03000000,1957,M05,2635
LNU03000000,1957,M06,3131
LNU03000000,1957,M07,2843
LNU03000000,1957,M08,2526
LNU03000000,1957,M09,2503
LNU03000000,1957,M10,2465
LNU03000000,1957,M11,3127
LNU03000000,1957,M12,3332
LNU03000000,1958,M01,4464
LNU03000000,1958,M02,5116
LNU03000000,1958,M03,5155
LNU03000000,1958,M04,5064
LNU03000000,1958,M05,4832
LNU03000000,1958,M06,5223
LNU03000000,1958,M07,5098
LNU03000000,1958,M08,4607
LNU03000000,1958,M09,4058
LNU03000000,1958,M10,3750
LNU03000000,1958,M11,3785
LNU03000000,1958,M12,4068
LNU03000000,1959,M01,4678
LNU03000000,1959,M02,4698
LNU03000000,1959,M03,4298
LNU03000000,1959,M04,3558
LNU03000000,1959,M05,3327
LNU03000000,1959,M06,3780
LNU03000000,1959,M07,3605
LNU03000000,1959,M08,3347
LNU03000000,1959,M09,3195
LNU03000000,1959,M10,3231
LNU03000000,1959,M11,3636
LNU03000000,1959,M12,3521
LNU03000000,1960,M01,4119
LNU03000000,1960,M02,3886
LNU03000000,1960,M03,4164
LNU03000000,1960,M04,3607
LNU03000000,1960,M05,3380
LNU03000000,1960,M06,4172
LNU03000000,1960,M07,3884
LNU03000000,1960,M08,3711
LNU03000000,1960,M09,3315
LNU03000000,1960,M10,3537
LNU03000000,1960,M11,3967
LNU03000000,1960,M12,4470
LNU03000000,1961,M01,5335
LNU03000000,1961,M02,5654
LNU03000000,1961,M03,5423
LNU03000000,1961,M04,4887
LNU03000000,1961,M05,4671
LNU03000000,1961,M06,5313
LNU03000000,1961,M07,4961
LNU03000000,1961,M08,4440
LNU03000000,1961,M09,4034
LNU03000000,1961,M10,3863
LNU03000000,1961,M11,3941
LNU03000000,1961,M12,4041
LNU03000000,1962,M01,4621
LNU03000000,1962,M02,4481
LNU03000000,1962,M03,4323
LNU03000000,1962,M04,3863
LNU03000000,1962,M05,3592
LNU03000000,1962,M06,4219
LNU03000000,1962,M07,3829
LNU03000000,1962,M08,3842
LNU03000000,1962,M09,3455
LNU03000000,1962,M10,3234
LNU03000000,1962,M11,3726
LNU03000000,1962,M12,3760
LNU03000000,1963,M01,4627
LNU03000000,1963,M02,4870
LNU03000000,1963,M03,4442
LNU03000000,1963,M04,3993
LNU03000000,1963,M05,3949
LNU03000000,1963,M06,4554
LNU03000000,1963,M07,4140
LNU03000000,1963,M08,3755
LNU03000000,1963,M09,3470
LNU03000000,1963,M10,3394
LNU03000000,1963,M11,3858
LNU03000000,1963,M12,3788
LNU03000000,1964,M01,4518
LNU03000000,1964,M02,4461
LNU03000000,1964,M03,4225
LNU03000000,1964,M04,3831
LNU03000000,1964,M05,3528
LNU03000000,1964,M06,4453
LNU03000000,1964,M07,3675
LNU03000000,1964,M08,3551
LNU03000000,1964,M09,3262
LNU03000000,1964,M10,3198
LNU03000000,1964,M11,3318
LNU03000000,1964,M12,3409
LNU03000000,1965,M01,3942
LNU03000000,1965,M02,4172
LNU03000000,1965,M03,3699
LNU03000000,1965,M04,3492
LNU03000000,1965,M05,3214
LNU03000000,1965,M06,4057
LNU03000000,1965,M07,3429
LNU03000000,1965,M08,3165
LNU03000000,1965,M09,2842
LNU03000000,1965,M10,2709
LNU03000000,1965,M11,2888
LNU03000000,1965,M12,2786
LNU03000000,1966,M01,3244
LNU03000000,1966,M02,3109
LNU03000000,1966,M03,2990
LNU03000000,1966,M04,2730
LNU03000000,1966,M05,2793
LNU03000000,1966,M06,3592
LNU03000000,1966,M07,3050
LNU03000000,1966,M08,2821
LNU03000000,1966,M09,2503
LNU03000000,1966,M10,2465
LNU03000000,1966,M11,2579
LNU03000000,1966,M12,2655
LNU03000000,1967,M01,3159
LNU03000000,1967,M02,3184
LNU03000000,1967,M03,2954
LNU03000000,1967,M04,2664
LNU03000000,1967,M05,2458
LNU03000000,1967,M06,3628
LNU03000000,1967,M07,3249
LNU03000000,1967,M08,2942
LNU03000000,1967,M09,2895
LNU03000000,1967,M10,2952
LNU03000000,1967,M11,2903
LNU03000000,1967,M12,2720
LNU03000000,1968,M01,3074
LNU03000000,1968,M02,3287
LNU03000000,1968,M03,2929
LNU03000000,1968,M04,2491
LNU03000000,1968,M05,2304
LNU03000000,1968,M06,3615
LNU03000000,1968,M07,3217
LNU03000000,1968,M08,2772
LNU03000000,1968,M09,2607
LNU03000000,1968,M10,2510
LNU03000000,1968,M11,2576
LNU03000000,1968,M12,2418
LNU03000000,1969,M01,2875
LNU03000000,1969,M02,2923
LNU03000000,1969,M03,2747
LNU03000000,1969,M04,2542
LNU03000000,1969,M05,2300
LNU03000000,1969,M06,3399
LNU03000000,1969,M07,3182
LNU03000000,1969,M08,2870
LNU03000000,1969,M09,2958
LNU03000000,1969,M10,2840
LNU03000000,1969,M11,2711
LNU03000000,1969,M12,2627
LNU03000000,1970,M01,3406
LNU03000000,1970,M02,3794
LNU03000000,1970,M03,3732
LNU03000000,1970,M04,3552
LNU03000000,1970,M05,3385
LNU03000000,1970,M06,4671
LNU03000000,1970,M07,4514
LNU03000000,1970,M08,4226
LNU03000000,1970,M09,4300
LNU03000000,1970,M10,4269
LNU03000000,1970,M11,4618
LNU03000000,1970,M12,4650
LNU03000000,1971,M01,5429
LNU03000000,1971,M02,5458
LNU03000000,1971,M03,5190
LNU03000000,1971,M04,4712
LNU03000000,1971,M05,4415
LNU03000000,1971,M06,5511
LNU03000000,1971,M07,5354
LNU03000000,1971,M08,5086
LNU03000000,1971,M09,4867
LNU03000000,1971,M10,4599
LNU03000000,1971,M11,4846
LNU03000000,1971,M12,4728
LNU03000000,1972,M01,5481
LNU03000000,1972,M02,5446
LNU03000000,1972,M03,5250
LNU03000000,1972,M04,4732
LNU03000000,1972,M05,4382
LNU03000000,1972,M06,5467
LNU03000000,1972,M07,5216
LNU03000000,1972,M08,4901
LNU03000000,1972,M09,4705
LNU03000000,1972,M10,4518
LNU03000000,1972,M11,4317
LNU03000000,1972,M12,4169
LNU03000000,1973,M01,4730
LNU03000000,1973,M02,4898
LNU03000000,1973,M03,4564
LNU03000000,1973,M04,4227
LNU03000000,1973,M05,3855
LNU03000000,1973,M06,4907
LNU03000000,1973,M07,4613
LNU03000000,1973,M08,4273
LNU03000000,1973,M09,4230
LNU03000000,1973,M10,3830
LNU03000000,1973,M11,4127
LNU03000000,1973,M12,4130
LNU03000000,1974,M01,5081
LNU03000000,1974,M02,5212
LNU03000000,1974,M03,4826
LNU03000000,1974,M04,4372
LNU03000000,1974,M05,4219
LNU03000000,1974,M06,5459
LNU03000000,1974,M07,5341
LNU03000000,1974,M08,4967
LNU03000000,1974,M09,5287
LNU03000000,1974,M10,5131
LNU03000000,1974,M11,5775
LNU03000000,1974,M12,6199
LNU03000000,1975,M01,8272
LNU03000000,1975,M02,8399
LNU03000000,1975,M03,8446
LNU03000000,1975,M04,7908
LNU03000000,1975,M05,7715
LNU03000000,1975,M06,8667
LNU03000000,1975,M07,8311
LNU03000000,1975,M08,7799
LNU03000000,1975,M09,7624
LNU03000000,1975,M10,7350
LNU03000000,1975,M11,7341
LNU03000000,1975,M12,7307
LNU03000000,1976,M01,8286
LNU03000000,1976,M02,8143
LNU03000000,1976,M03,7631
LNU03000000,1976,M04,6996
LNU03000000,1976,M05,6415
LNU03000000,1976,M06,7772
LNU03000000,1976,M07,7697
LNU03000000,1976,M08,7443
LNU03000000,1976,M09,7148
LNU03000000,1976,M10,6958
LNU03000000,1976,M11,7224
LNU03000000,1976,M12,7154
LNU03000000,1977,M01,7980
LNU03000000,1977,M02,8237
LNU03000000,1977,M03,7680
LNU03000000,1977,M04,6692
LNU03000000,1977,M05,6280
LNU03000000,1977,M06,7589
LNU03000000,1977,M07,7081
LNU03000000,1977,M08,6897
LNU03000000,1977,M09,6579
LNU03000000,1977,M10,6365
LNU03000000,1977,M11,6495
LNU03000000,1977,M12,6031
LNU03000000,1978,M01,7048
LNU03000000,1978,M02,6886
LNU03000000,1978,M03,6621
LNU03000000,1978,M04,5826
LNU03000000,1978,M05,5605
LNU03000000,1978,M06,6481
LNU03000000,1978,M07,6597
LNU03000000,1978,M08,6090
LNU03000000,1978,M09,5958
LNU03000000,1978,M10,5624
LNU03000000,1978,M11,5797
LNU03000000,1978,M12,5896
LNU03000000,1979,M01,6602
LNU03000000,1979,M02,6649
LNU03000000,1979,M03,6325
LNU03000000,1979,M04,5720
LNU03000000,1979,M05,5419
LNU03000000,1979,M06,6409
LNU03000000,1979,M07,6282
LNU03000000,1979,M08,6315
LNU03000000,1979,M09,5978
LNU03000000,1979,M10,5964
LNU03000000,1979,M11,5964
LNU03000000,1979,M12,6027
LNU03000000,1980,M01,7234
LNU03000000,1980,M02,7177
LNU03000000,1980,M03,6983
LNU03000000,1980,M04,7023
LNU03000000,1980,M05,7501
LNU03000000,1980,M06,8481
LNU03000000,1980,M07,8603
LNU03000000,1980,M08,8202
LNU03000000,1980,M09,7655
LNU03000000,1980,M10,7674
LNU03000000,1980,M11,7682
LNU03000000,1980,M12,7430
LNU03000000,1981,M01,8746
LNU03000000,1981,M02,8614
LNU03000000,1981,M03,8271
LNU03000000,1981,M04,7561
LNU03000000,1981,M05,7731
LNU03000000,1981,M06,8485
LNU03000000,1981,M07,8130
LNU03000000,1981,M08,7947
LNU03000000,1981,M09,7884
LNU03000000,1981,M10,8216
LNU03000000,1981,M11,8676
LNU03000000,1981,M12,9013
LNU03000000,1982,M01,10183
LNU03000000,1982,M02,10378
LNU03000000,1982,M03,10290
LNU03000000,1982,M04,9957
LNU03000000,1982,M05,9957
LNU03000000,1982,M06,10886
LNU03000000,1982,M07,11036
LNU03000000,1982,M08,10710
LNU03000000,1982,M09,10695
LNU03000000,1982,M10,10942
LNU03000000,1982,M11,11476
LNU03000000,1982,M12,11628
LNU03000000,1983,M01,12517
LNU03000000,1983,M02,12382
LNU03000000,1983,M03,11879
LNU03000000,1983,M04,11035
LNU03000000,1983,M05,10765
LNU03000000,1983,M06,11570
LNU03000000,1983,M07,10707
LNU03000000,1983,M08,10411
LNU03000000,1983,M09,9830
LNU03000000,1983,M10,9383
LNU03000000,1983,M11,9129
LNU03000000,1983,M12,8992
LNU03000000,1984,M01,9755
LNU03000000,1984,M02,9407
LNU03000000,1984,M03,9057
LNU03000000,1984,M04,8525
LNU03000000,1984,M05,8154
LNU03000000,1984,M06,8582
LNU03000000,1984,M07,8714
LNU03000000,1984,M08,8382
LNU03000000,1984,M09,8051
LNU03000000,1984,M10,7989
LNU03000000,1984,M11,7869
LNU03000000,1984,M12,7978
LNU03000000,1985,M01,9131
LNU03000000,1985,M02,8902
LNU03000000,1985,M03,8625
LNU03000000,1985,M04,8150
LNU03000000,1985,M05,8011
LNU03000000,1985,M06,8753
LNU03000000,1985,M07,8682
LNU03000000,1985,M08,8051
LNU03000000,1985,M09,7984
LNU03000000,1985,M10,7917
LNU03000000,1985,M11,7815
LNU03000000,1985,M12,7717
LNU03000000,1986,M01,8472
LNU03000000,1986,M02,9041
LNU03000000,1986,M03,8667
LNU03000000,1986,M04,8115
LNU03000000,1986,M05,8158
LNU03000000,1986,M06,8775
LNU03000000,1986,M07,8471
LNU03000000,1986,M08,7955
LNU03000000,1986,M09,8015
LNU03000000,1986,M10,7842
LNU03000000,1986,M11,7872
LNU03000000,1986,M12,7461
LNU03000000,1987,M01,8620
LNU03000000,1987,M02,8503
LNU03000000,1987,M03,8124
LNU03000000,1987,M04,7306
LNU03000000,1987,M05,7318
LNU03000000,1987,M06,7655
LNU03000000,1987,M07,7453
LNU03000000,1987,M08,7088
LNU03000000,1987,M09,6857
LNU03000000,1987,M10,6845
LNU03000000,1987,M11,6802
LNU03000000,1987,M12,6526
LNU03000000,1988,M01,7603
LNU03000000,1988,M02,7482
LNU03000000,1988,M03,7090
LNU03000000,1988,M04,6359
LNU03000000,1988,M05,6553
LNU03000000,1988,M06,6819
LNU03000000,1988,M07,6823
LNU03000000,1988,M08,6659
LNU03000000,1988,M09,6368
LNU03000000,1988,M10,6182
LNU03000000,1988,M11,6325
LNU03000000,1988,M12,6142
LNU03000000,1989,M01,7309
LNU03000000,1989,M02,6883
LNU03000000,1989,M03,6378
LNU03000000,1989,M04,6229
LNU03000000,1989,M05,6156
LNU03000000,1989,M06,6850
LNU03000000,1989,M07,6736
LNU03000000,1989,M08,6352
LNU03000000,1989,M09,6330
LNU03000000,1989,M10,6222
LNU03000000,1989,M11,6495
LNU03000000,1989,M12,6300
LNU03000000,1990,M01,7413
LNU03000000,1990,M02,7296
LNU03000000,1990,M03,6852
LNU03000000,1990,M04,6620
LNU03000000,1990,M05,6533
LNU03000000,1990,M06,6884
LNU03000000,1990,M07,7137
LNU03000000,1990,M08,7008
LNU03000000,1990,M09,7003
LNU03000000,1990,M10,6892
LNU03000000,1990,M11,7396
LNU03000000,1990,M12,7525
LNU03000000,1991,M01,8787
LNU03000000,1991,M02,9121
LNU03000000,1991,M03,8995
LNU03000000,1991,M04,8226
LNU03000000,1991,M05,8435
LNU03000000,1991,M06,8992
LNU03000000,1991,M07,8792
LNU03000000,1991,M08,8439
LNU03000000,1991,M09,8270
LNU03000000,1991,M10,8232
LNU03000000,1991,M11,8494
LNU03000000,1991,M12,8755
LNU03000000,1992,M01,10186
LNU03000000,1992,M02,10401
LNU03000000,1992,M03,9913
LNU03000000,1992,M04,9135
LNU03000000,1992,M05,9389
LNU03000000,1992,M06,10366
LNU03000000,1992,M07,10099
LNU03000000,1992,M08,9605
LNU03000000,1992,M09,9316
LNU03000000,1992,M10,8813
LNU03000000,1992,M11,9086
LNU03000000,1992,M12,9045
LNU03000000,1993,M01,10158
LNU03000000,1993,M02,10004
LNU03000000,1993,M03,9478
LNU03000000,1993,M04,8835
LNU03000000,1993,M05,8807
LNU03000000,1993,M06,9473
LNU03000000,1993,M07,9223
LNU03000000,1993,M08,8655
LNU03000000,1993,M09,8302
LNU03000000,1993,M10,8296
LNU03000000,1993,M11,8094
LNU03000000,1993,M12,7959
LNU03000000,1994,M01,9492
LNU03000000,1994,M02,9262
LNU03000000,1994,M03,8874
LNU03000000,1994,M04,8078
LNU03000000,1994,M05,7656
LNU03000000,1994,M06,8251
LNU03000000,1994,M07,8281
LNU03000000,1994,M08,7868
LNU03000000,1994,M09,7379
LNU03000000,1994,M10,7155
LNU03000000,1994,M11,6973
LNU03000000,1994,M12,6690
LNU03000000,1995,M01,8101
LNU03000000,1995,M02,7685
LNU03000000,1995,M03,7480
LNU03000000,1995,M04,7378
LNU03000000,1995,M05,7185
LNU03000000,1995,M06,7727
LNU03000000,1995,M07,7892
LNU03000000,1995,M08,7457
LNU03000000,1995,M09,7167
LNU03000000,1995,M10,6884
LNU03000000,1995,M11,7024
LNU03000000,1995,M12,6872
LNU03000000,1996,M01,8270
LNU03000000,1996,M02,7858
LNU03000000,1996,M03,7700
LNU03000000,1996,M04,7124
LNU03000000,1996,M05,7166
LNU03000000,1996,M06,7377
LNU03000000,1996,M07,7693
LNU03000000,1996,M08,6868
LNU03000000,1996,M09,6700
LNU03000000,1996,M10,6577
LNU03000000,1996,M11,6816
LNU03000000,1996,M12,6680
LNU03000000,1997,M01,7933
LNU03000000,1997,M02,7647
LNU03000000,1997,M03,7399
LNU03000000,1997,M04,6551
LNU03000000,1997,M05,6398
LNU03000000,1997,M06,7094
LNU03000000,1997,M07,6981
LNU03000000,1997,M08,6594
LNU03000000,1997,M09,6403
LNU03000000,1997,M10,5995
LNU03000000,1997,M11,5914
LNU03000000,1997,M12,5957
LNU03000000,1998,M01,7069
LNU03000000,1998,M02,6804
LNU03000000,1998,M03,6816
LNU03000000,1998,M04,5643
LNU03000000,1998,M05,5764
LNU03000000,1998,M06,6534
LNU03000000,1998,M07,6567
LNU03000000,1998,M08,6173
LNU03000000,1998,M09,6039
LNU03000000,1998,M10,5831
LNU03000000,1998,M11,5711
LNU03000000,1998,M12,5565
LNU03000000,1999,M01,6604
LNU03000000,1999,M02,6563
LNU03000000,1999,M03,6119
LNU03000000,1999,M04,5688
LNU03000000,1999,M05,5507
LNU03000000,1999,M06,6271
LNU03000000,1999,M07,6319
LNU03000000,1999,M08,5826
LNU03000000,1999,M09,5661
LNU03000000,1999,M10,5372
LNU03000000,1999,M11,5380
LNU03000000,1999,M12,5245
LNU03000000,2000,M01,6316
LNU03000000,2000,M02,6284
LNU03000000,2000,M03,6069
LNU03000000,2000,M04,5212
LNU03000000,2000,M05,5460
LNU03000000,2000,M06,5959
LNU03000000,2000,M07,6028
LNU03000000,2000,M08,5863
LNU03000000,2000,M09,5359
LNU03000000,2000,M10,5153
LNU03000000,2000,M11,5336
LNU03000000,2000,M12,5264
LNU03000000,2001,M01,6647
LNU03000000,2001,M02,6523
LNU03000000,2001,M03,6509
LNU03000000,2001,M04,6004
LNU03000000,2001,M05,5901
LNU03000000,2001,M06,6816
LNU03000000,2001,M07,6858
LNU03000000,2001,M08,7017
LNU03000000,2001,M09,6766
LNU03000000,2001,M10,7175
LNU03000000,2001,M11,7617
LNU03000000,2001,M12,7773
LNU03000000,2002,M01,9051
LNU03000000,2002,M02,8823
LNU03000000,2002,M03,8776
LNU03000000,2002,M04,8255
LNU03000000,2002,M05,7969
LNU03000000,2002,M06,8758
LNU03000000,2002,M07,8693
LNU03000000,2002,M08,8271
LNU03000000,2002,M09,7790
LNU03000000,2002,M10,7769
LNU03000000,2002,M11,8170
LNU03000000,2002,M12,8209
LNU03000000,2003,M01,9395
LNU03000000,2003,M02,9260
LNU03000000,2003,M03,9018
LNU03000000,2003,M04,8501
LNU03000000,2003,M05,8500
LNU03000000,2003,M06,9649
LNU03000000,2003,M07,9319
LNU03000000,2003,M08,8830
LNU03000000,2003,M09,8436
LNU03000000,2003,M10,8169
LNU03000000,2003,M11,8269
LNU03000000,2003,M12,7945
LNU03000000,2004,M01,9144
LNU03000000,2004,M02,8770
LNU03000000,2004,M03,8834
LNU03000000,2004,M04,7837
LNU03000000,2004,M05,7792
LNU03000000,2004,M06,8616
LNU03000000,2004,M07,8518
LNU03000000,2004,M08,7940
LNU03000000,2004,M09,7545
LNU03000000,2004,M10,7531
LNU03000000,2004,M11,7665
LNU03000000,2004,M12,7599
LNU03000000,2005,M01,8444
LNU03000000,2005,M02,8549
LNU03000000,2005,M03,7986
LNU03000000,2005,M04,7335
LNU03000000,2005,M05,7287
LNU03000000,2005,M06,7870
LNU03000000,2005,M07,7839
LNU03000000,2005,M08,7327
LNU03000000,2005,M09,7259
LNU03000000,2005,M10,6964
LNU03000000,2005,M11,7271
LNU03000000,2005,M12,6956
LNU03000000,2006,M01,7608
LNU03000000,2006,M02,7692
LNU03000000,2006,M03,7255
LNU03000000,2006,M04,6804
LNU03000000,2006,M05,6655
LNU03000000,2006,M06,7341
LNU03000000,2006,M07,7602
LNU03000000,2006,M08,7086
LNU03000000,2006,M09,6625
LNU03000000,2006,M10,6272
LNU03000000,2006,M11,6576
LNU03000000,2006,M12,6491
LNU03000000,2007,M01,7649
LNU03000000,2007,M02,7400
LNU03000000,2007,M03,6913
LNU03000000,2007,M04,6532
LNU03000000,2007,M05,6486
LNU03000000,2007,M06,7295
LNU03000000,2007,M07,7556
LNU03000000,2007,M08,7088
LNU03000000,2007,M09,6952
LNU03000000,2007,M10,6773
LNU03000000,2007,M11,6917
LNU03000000,2007,M12,7371
LNU03000000,2008,M01,8221
LNU03000000,2008,M02,7953
LNU03000000,2008,M03,8027
LNU03000000,2008,M04,7287
LNU03000000,2008,M05,8076
LNU03000000,2008,M06,8933
LNU03000000,2008,M07,9433
LNU03000000,2008,M08,9479
LNU03000000,2008,M09,9199
LNU03000000,2008,M10,9469
LNU03000000,2008,M11,10015
LNU03000000,2008,M12,10999
LNU03000000,2009,M01,13009
LNU03000000,2009,M02,13699
LNU03000000,2009,M03,13895
LNU03000000,2009,M04,13248
LNU03000000,2009,M05,13973
LNU03000000,2009,M06,15095
LNU03000000,2009,M07,15201
LNU03000000,2009,M08,14823
LNU03000000,2009,M09,14538
LNU03000000,2009,M10,14547
LNU03000000,2009,M11,14407
LNU03000000,2009,M12,14740
LNU03000000,2010,M01,16147
LNU03000000,2010,M02,15991
LNU03000000,2010,M03,15678
LNU03000000,2010,M04,14609
LNU03000000,2010,M05,14369
LNU03000000,2010,M06,14885
LNU03000000,2010,M07,15137
LNU03000000,2010,M08,14759
LNU03000000,2010,M09,14140
LNU03000000,2010,M10,13903
LNU03000000,2010,M11,14282
LNU03000000,2010,M12,13997
LNU03000000,2011,M01,14937
LNU03000000,2011,M02,14542
LNU03000000,2011,M03,14060
LNU03000000,2011,M04,13237
LNU03000000,2011,M05,13421
LNU03000000,2011,M06,14409
LNU03000000,2011,M07,14428
LNU03000000,2011,M08,14008
LNU03000000,2011,M09,13520
LNU03000000,2011,M10,13102
LNU03000000,2011,M11,12613
LNU03000000,2011,M12,12692
LNU03000000,2012,M01,13541
LNU03000000,2012,M02,13430
LNU03000000,2012,M03,12904
LNU03000000,2012,M04,11910
LNU03000000,2012,M05,12271
LNU03000000,2012,M06,13184
LNU03000000,2012,M07,13400
LNU03000000,2012,M08,12696
LNU03000000,2012,M09,11742
LNU03000000,2012,M10,11741
LNU03000000,2012,M11,11404
LNU03000000,2012,M12,11844
LNU03000000,2013,M01,13181
LNU03000000,2013,M02,12500
LNU03000000,2013,M03,11815
LNU03000000,2013,M04,11014
LNU03000000,2013,M05,11302
LNU03000000,2013,M06,12248
LNU03000000,2013,M07,12083
LNU03000000,2013,M08,11462
LNU03000000,2013,M09,10885
LNU03000000,2013,M10,10773
LNU03000000,2013,M11,10271
LNU03000000,2013,M12,9984
LNU03000000,2014,M01,10855
LNU03000000,2014,M02,10893
LNU03000000,2014,M03,10537
LNU03000000,2014,M04,9079
LNU03000000,2014,M05,9443
LNU03000000,2014,M06,9893
LNU03000000,2014,M07,10307
LNU03000000,2014,M08,9787
LNU03000000,2014,M09,8962
LNU03000000,2014,M10,8680
LNU03000000,2014,M11,8630
LNU03000000,2014,M12,8331
LNU03000000,2015,M01,9498
LNU03000000,2015,M02,9095
LNU03000000,2015,M03,8682
LNU03000000,2015,M04,7966
LNU03000000,2015,M05,8370
LNU03000000,2015,M06,8638
LNU03000000,2015,M07,8805
LNU03000000,2015,M08,8162
LNU03000000,2015,M09,7628
LNU03000000,2015,M10,7597
LNU03000000,2015,M11,7573
LNU03000000,2015,M12,7542
LNU03000000,2016,M01,8309
LNU03000000,2016,M02,8219
LNU03000000,2016,M03,8116
LNU03000000,2016,M04,7413
LNU03000000,2016,M05,7207
LNU03000000,2016,M06,8144
LNU03000000,2016,M07,8267
LNU03000000,2016,M08,7996
LNU03000000,2016,M09,7658
LNU03000000,2016,M10,7447
LNU03000000,2016,M11,7066
LNU03000000,2016,M12,7170
LNU03000000,2017,M01,8149
LNU03000000,2017,M02,7887
LNU03000000,2017,M03,7284
LNU03000000,2017,M04,6555
LNU03000000,2017,M05,6572
LNU03000000,2017,M06,7250
LNU03000000,2017,M07,7441
LNU03000000,2017,M08,7287
LNU03000000,2017,M09,6556
LNU03000000,2017,M10,6242
LNU03000000,2017,M11,6286
LNU03000000,2017,M12,6278
LNU03000000,2018,M01,7189
LNU03000000,2018,M02,7091
LNU03000000,2018,M03,6671
LNU03000000,2018,M04,5932
LNU03000000,2018,M05,5756
LNU03000000,2018,M06,6812
LNU03000000,2018,M07,6730
LNU03000000,2018,M08,6370
LNU03000000,2018,M09,5766
LNU03000000,2018,M10,5771
LNU03000000,2018,M11,5650
LNU03000000,2018,M12,6029
LNU03000000,2019,M01,7140
LNU03000000,2019,M02,6625
LNU03000000,2019,M03,6382
LNU03000000,2019,M04,5387
LNU03000000,2019,M05,5503
LNU03000000,2019,M06,6292
LNU03000000,2019,M07,6556
LNU03000000,2019,M08,6203
LNU03000000,2019,M09,5465
LNU03000000,2019,M10,5510
LNU03000000,2019,M11,5441
LNU03000000,2019,M12,5503
LNU03000000,2020,M01,6504
LNU03000000,2020,M02,6218
LNU03000000,2020,M03,7370
LNU03000000,2020,M04,22504
LNU03000000,2020,M05,20514
LNU03000000,2020,M06,18072
LNU03000000,2020,M07,16882
LNU03000000,2020,M08,13742
LNU03000000,2020,M09,12277
LNU03000000,2020,M10,10620
LNU03000000,2020,M11,10264
LNU03000000,2020,M12,10404
LNU03000000,2021,M01,10851
LNU03000000,2021,M02,10486
LNU03000000,2021,M03,9905
LNU03000000,2021,M04,9220
LNU03000000,2021,M05,8829
LNU03000000,2021,M06,9883
LNU03000000,2021,M07,9221
LNU03000000,2021,M08,8556
LNU03000000,2021,M09,7366
LNU03000000,2021,M10,6896
LNU03000000,2021,M11,6302
LNU03000000,2021,M12,5964
LNU03000000,2022,M01,7207
LNU03000000,2022,M02,6782
LNU03000000,2022,M03,6168
LNU03000000,2022,M04,5458
LNU03000000,2022,M05,5548
LNU03000000,2022,M06,6334
LNU03000000,2022,M07,6255
LNU03000000,2022,M08,6256
LNU03000000,2022,M09,5460
LNU03000000,2022,M10,5609
LNU03000000,2022,M11,5523
LNU03000000,2022,M12,5352
LNU03000000,2023,M01,6378
LNU03000000,2023,M02,6465
LNU03000000,2023,M03,6043
LNU03000000,2023,M04,5146
LNU03000000,2023,M05,5700
LNU03000000,2023,M06,6351
LNU03000000,2023,M07,6372
LNU03000000,2023,M08,6623
LNU03000000,2023,M09,6049
LNU03000000,2023,M10,6098
LNU03000000,2023,M11,5827
LNU03000000,2023,M12,5907
LNU03000000,2024,M01,6778
LNU03000000,2024,M02,6970
