date,Total Nonfinancial,Households and Nonprofits,Nonfinancial Business,Federal Government,State and Local Governments,GDP,Total Nonfinancial Debt Growth,Households and Nonprofits Debt Growth,Nonfinancial Business Debt Growth,Federal Government Debt Growth,State and Local Governments Debt Growth,Nonfinancial Corporate Business,Nonfinancial Noncorporate Business,Noncorporate Business; Nonmortgage Depository Loans,Noncorporate Business; Mortgages,Noncorporate Business; Other,Corporate Business; Corporate Bonds,Corporate Business; Nonmortgage Depository Loans,Corporate Business; Mortgages,Corporate Business; Commercial Paper,Corporate Business; Other,Total Nonfinancial; Ratio to GDP,Households and Nonprofits; Ratio to GDP,Nonfinancial Business; Ratio to GDP,Federal Government; Ratio to GDP,State and Local Governments; Ratio to GDP,Nonfinancial Corporate Business; Ratio to GDP,Nonfinancial Noncorporate Business; Ratio to GDP,Noncorporate Nonmortgage Depository Loans; Ratio to GDP,Noncorporate Mortgages; Ratio to GDP,Noncorporate Other Nonfinancial Debt; Ratio to GDP,Corporate Bonds; Ratio to GDP,Corporate Nonmortgage Depository Loans; Ratio to GDP,Corporate Mortgages; Ratio to GDP,Corporate Commercial Paper; Ratio to GDP,Corporate Other; Ratio to GDP,Households and Nonprofits; Share of Total Nonfinancial Debt,Nonfinancial Business; Share of Total Nonfinancial Debt,Federal Governments; Share of Total Nonfinancial Debt,State and Local Governments; Share of Total Nonfinancial Debt,Nonfinancial Corporate Business; Share of Total Nonfinancial Business Debt,Nonfinancial Noncorporate Business; Share of Total Nonfinancial Business Debt,Noncorporate Nonmortgage Depository Loans; Share of Nonfinancial Noncorporate Business Debt,Noncorporate Mortgages; Share of Nonfinancial Noncorporate Business Debt,Noncorporate Other; Share of Nonfinancial Noncorporate Business Debt,Corporate Bonds; Share of Nonfinancial Corporate Business Debt,Corporate Nonmortgage Depository Loans; Share of Nonfinancial Corporate Business Debt,Corporate Mortgages; Share of Nonfinancial Corporate Business Debt,Corporate Commercial Paper; Share of Nonfinancial Corporate Business Debt,Corporate Other; Share of Nonfinancial Corporate Business Debt
2023:Q3,72950253,19752459,21184409,28752365,3261020,27644463,5.242,2.522,1.528,10.597,-0.348,13730136,7454273,1617532,5366304,470436,6915858,1490911,1319219,191980,3812168,2.639,0.715,0.766,1.04,0.118,0.497,0.27,0.059,0.194,0.017,0.25,0.054,0.048,0.007,0.138,0.271,0.29,0.394,0.045,0.648,0.352,0.217,0.72,0.063,0.504,0.109,0.096,0.014,0.278
2023:Q2,72008367,19630316,21103890,28010299,3263862,27063012,6.27,2.706,1.845,12.672,2.77,13682017,7421873,1636739,5322951,462183,6913438,1500002,1304759,179712,3784106,2.661,0.725,0.78,1.035,0.121,0.506,0.274,0.06,0.197,0.017,0.255,0.055,0.048,0.007,0.14,0.273,0.293,0.389,0.045,0.648,0.352,0.221,0.717,0.062,0.505,0.11,0.095,0.013,0.277
2023:Q1,70897866,19499181,21007068,27150204,3241414,26813601,3.777,2.401,4.59,4.452,1.211,13613287,7393781,1646644,5275163,471974,6889499,1492773,1293366,177012,3760637,2.644,0.727,0.783,1.013,0.121,0.508,0.276,0.061,0.197,0.018,0.257,0.056,0.048,0.007,0.14,0.275,0.296,0.383,0.046,0.648,0.352,0.223,0.713,0.064,0.506,0.11,0.095,0.013,0.276
2022:Q4,70235443,19383621,20768814,26851376,3231632,26408405,3.225,3.28,3.523,3.976,-5.072,13446886,7321928,1633648,5216258,472022,6743893,1475421,1265715,197553,3764304,2.66,0.734,0.786,1.017,0.122,0.509,0.277,0.062,0.198,0.018,0.255,0.056,0.048,0.007,0.143,0.276,0.296,0.382,0.046,0.647,0.353,0.223,0.712,0.064,0.502,0.11,0.094,0.015,0.28
2022:Q3,69653292,19205509,20587526,26587119,3273138,25994639,4.535,6.306,4.152,4.185,-0.491,13373006,7214520,1607239,5145431,461849,6748712,1432359,1239726,210575,3741634,2.68,0.739,0.792,1.023,0.126,0.514,0.278,0.062,0.198,0.018,0.26,0.055,0.048,0.008,0.144,0.276,0.296,0.382,0.047,0.65,0.35,0.223,0.713,0.064,0.505,0.107,0.093,0.016,0.28
2022:Q2,68873347,18908284,20376079,26311827,3277157,25544273,6.215,6.91,7.166,5.561,1.625,13242643,7133436,1597571,5079073,456791,6744280,1402586,1199875,168328,3727574,2.696,0.74,0.798,1.03,0.128,0.518,0.279,0.063,0.199,0.018,0.264,0.055,0.047,0.007,0.146,0.275,0.296,0.382,0.048,0.65,0.35,0.224,0.712,0.064,0.509,0.106,0.091,0.013,0.281
2022:Q1,67806094,18588077,20003071,25951052,3263894,25029116,8.313,8.013,7.918,10.221,-2.364,12992364,7010707,1576283,4985999,448425,6789399,1271047,1140938,133266,3657714,2.709,0.743,0.799,1.037,0.13,0.519,0.28,0.063,0.199,0.018,0.271,0.051,0.046,0.005,0.146,0.274,0.295,0.383,0.048,0.65,0.35,0.225,0.711,0.064,0.523,0.098,0.088,0.01,0.282
2021:Q4,66426431,18308308,19530337,25304484,3283302,24654603,8.767,7.848,7.087,12.057,-0.983,12641164,6889173,1555843,4904435,428894,6745743,1123015,1094155,138243,3540008,2.694,0.743,0.792,1.026,0.133,0.513,0.279,0.063,0.199,0.017,0.274,0.046,0.044,0.006,0.144,0.276,0.294,0.381,0.049,0.647,0.353,0.226,0.712,0.062,0.534,0.089,0.087,0.011,0.28
2021:Q3,64986356,17957191,19173708,24564070,3291387,23828973,3.556,7.229,4.736,0.077,3.031,12441383,6732325,1503779,4805929,422617,6783890,1074080,1030152,123108,3430153,2.727,0.754,0.805,1.031,0.138,0.522,0.283,0.063,0.202,0.018,0.285,0.045,0.043,0.005,0.144,0.276,0.295,0.378,0.051,0.649,0.351,0.223,0.714,0.063,0.545,0.086,0.083,0.01,0.276
2021:Q2,64419938,17639331,18954641,24559333,3266633,23292362,7.238,7.453,2.656,11.207,3.2,12285434,6669207,1536194,4725411,407602,6707042,1141225,1004034,110147,3322986,2.766,0.757,0.814,1.054,0.14,0.527,0.286,0.066,0.203,0.017,0.288,0.049,0.043,0.005,0.143,0.274,0.294,0.381,0.051,0.648,0.352,0.23,0.709,0.061,0.546,0.093,0.082,0.009,0.27
2021:Q1,62718198,16953095,18634428,23889967,3240708,22600185,4.981,6.017,4.872,4.554,3.355,12038309,6596119,1587715,4644807,363596,6667357,1214949,983913,79093,3092997,2.775,0.75,0.825,1.057,0.143,0.533,0.292,0.07,0.206,0.016,0.295,0.054,0.044,0.003,0.137,0.27,0.297,0.381,0.052,0.646,0.354,0.241,0.704,0.055,0.554,0.101,0.082,0.007,0.257
2020:Q4,61948065,16702998,18410258,23621060,3213749,22024502,5.682,5.514,1.236,9.908,1.61,11906343,6503915,1586139,4564405,353371,6543446,1207523,988764,132202,3034408,2.813,0.758,0.836,1.072,0.146,0.541,0.295,0.072,0.207,0.016,0.297,0.055,0.045,0.006,0.138,0.27,0.297,0.381,0.052,0.647,0.353,0.244,0.702,0.054,0.55,0.101,0.083,0.011,0.255
2020:Q3,61081958,16477353,18353629,23050112,3200865,21647640,4.599,5.328,0.224,7.477,5.63,11970250,6383378,1580797,4467234,335347,6535537,1339936,988735,103707,3002335,2.822,0.761,0.848,1.065,0.148,0.553,0.295,0.073,0.206,0.015,0.302,0.062,0.046,0.005,0.139,0.27,0.3,0.377,0.052,0.652,0.348,0.248,0.7,0.053,0.546,0.112,0.083,0.009,0.251
2020:Q2,60389941,16262856,18343521,22627127,3156438,19913143,27.023,-0.734,15.337,64.609,3.538,12076533,6266987,1566677,4396117,304193,6472859,1548248,982628,121359,2951439,3.033,0.817,0.921,1.136,0.159,0.606,0.315,0.079,0.221,0.015,0.325,0.078,0.049,0.006,0.148,0.269,0.304,0.375,0.052,0.658,0.342,0.25,0.701,0.049,0.536,0.128,0.081,0.01,0.244
2020:Q1,56570241,16294606,17666282,19480587,3128765,21706513,10.301,3.344,19.9,9.258,0.925,11603770,6062512,1482919,4318752,260841,6021564,1524361,980695,189173,2887977,2.606,0.751,0.814,0.897,0.144,0.535,0.279,0.068,0.199,0.012,0.277,0.07,0.045,0.009,0.133,0.288,0.312,0.344,0.055,0.657,0.343,0.245,0.712,0.043,0.519,0.131,0.085,0.016,0.249
2019:Q4,55148208,16157538,16829226,19039898,3121546,21902390,3.953,3.615,2.206,5.954,3.035,10850774,5978452,1484515,4236957,256980,5833674,1059172,965654,194530,2797744,2.518,0.738,0.768,0.869,0.143,0.495,0.273,0.068,0.193,0.012,0.266,0.048,0.044,0.009,0.128,0.293,0.305,0.345,0.057,0.645,0.355,0.248,0.709,0.043,0.538,0.098,0.089,0.018,0.258
2019:Q3,54612143,16003871,16749568,18760667,3098037,21694282,6.41,3.629,5.693,10.416,0.817,10801644,5947923,1480650,4215494,251779,5826732,1068620,940042,200412,2765838,2.517,0.738,0.772,0.865,0.143,0.498,0.274,0.068,0.194,0.012,0.269,0.049,0.043,0.009,0.127,0.293,0.307,0.344,0.057,0.645,0.355,0.249,0.709,0.042,0.539,0.099,0.087,0.019,0.256
2019:Q2,53754281,15850955,16527082,18284524,3091720,21384775,3.742,4.119,3.959,4.171,-1.798,10604350,5922731,1477773,4193878,251081,5732465,1072914,884402,203010,2711559,2.514,0.741,0.773,0.855,0.145,0.496,0.277,0.069,0.196,0.012,0.268,0.05,0.041,0.009,0.127,0.295,0.307,0.34,0.058,0.642,0.358,0.25,0.708,0.042,0.541,0.101,0.083,0.019,0.256
2019:Q1,53260013,15680773,16377749,18095814,3105678,21104133,4.316,2.499,6.38,5.167,-2.152,10483646,5894103,1474576,4172129,247399,5657776,1059234,876308,218420,2671908,2.524,0.743,0.776,0.857,0.147,0.497,0.279,0.07,0.198,0.012,0.268,0.05,0.042,0.01,0.127,0.294,0.308,0.34,0.058,0.64,0.36,0.25,0.708,0.042,0.54,0.101,0.084,0.021,0.255
2018:Q4,52698719,15576136,16135083,17865026,3122474,20917867,4.088,2.806,4.554,6.006,-2.71,10269242,5865841,1467868,4150308,247665,5567194,1034697,852952,196467,2617932,2.519,0.745,0.771,0.854,0.149,0.491,0.28,0.07,0.198,0.012,0.266,0.049,0.041,0.009,0.125,0.296,0.306,0.339,0.059,0.636,0.364,0.25,0.708,0.042,0.542,0.101,0.083,0.019,0.255
2018:Q3,52170434,15472159,15953750,17600751,3143773,20798730,4.476,3.281,4.879,5.924,0.291,10163416,5790334,1448518,4098902,242914,5537886,954375,832877,232290,2605988,2.508,0.744,0.767,0.846,0.151,0.489,0.278,0.07,0.197,0.012,0.266,0.046,0.04,0.011,0.125,0.297,0.306,0.337,0.06,0.637,0.363,0.25,0.708,0.042,0.545,0.094,0.082,0.023,0.256
2018:Q2,51591417,15344192,15761858,17343877,3141490,20580912,4.319,3.079,3.229,7.185,0.108,10046425,5715433,1428761,4047490,239182,5474115,953341,828284,233228,2557457,2.507,0.746,0.766,0.843,0.153,0.488,0.278,0.069,0.197,0.012,0.266,0.046,0.04,0.011,0.124,0.297,0.306,0.336,0.061,0.637,0.363,0.25,0.708,0.042,0.545,0.095,0.082,0.023,0.255
2018:Q1,50726420,15235846,15312078,17037856,3140640,20328553,5.68,3.602,4.337,10.379,-2.642,9667936,5644143,1410345,3996050,237748,5471643,930318,792228,227846,2245901,2.495,0.749,0.753,0.838,0.154,0.476,0.278,0.069,0.197,0.012,0.269,0.046,0.039,0.011,0.11,0.3,0.302,0.336,0.062,0.631,0.369,0.25,0.708,0.042,0.566,0.096,0.082,0.024,0.232
2017:Q4,50019961,15103415,15148086,16606939,3161521,20037088,4.69,4.813,5.647,4.018,3.094,9574009,5574077,1390361,3944823,238892,5402779,927749,778590,206670,2258221,2.496,0.754,0.756,0.829,0.158,0.478,0.278,0.069,0.197,0.012,0.27,0.046,0.039,0.01,0.113,0.302,0.303,0.332,0.063,0.632,0.368,0.249,0.708,0.043,0.564,0.097,0.081,0.022,0.236
2017:Q3,49373886,14929259,14865587,16441784,3137256,19692595,4.615,2.955,5.568,6.251,-0.428,9409974,5455613,1358781,3862368,234465,5370349,935120,753020,208973,2142512,2.507,0.758,0.755,0.835,0.159,0.478,0.277,0.069,0.196,0.012,0.273,0.047,0.038,0.011,0.109,0.302,0.301,0.333,0.064,0.633,0.367,0.249,0.708,0.043,0.571,0.099,0.08,0.022,0.228
2017:Q2,48817114,14825806,14661889,16188806,3140613,19438643,4.913,3.92,6.817,5.18,-0.535,9321500,5340389,1327440,3779953,232996,5302029,945232,774041,191769,2108429,2.511,0.763,0.754,0.833,0.162,0.48,0.275,0.068,0.194,0.012,0.273,0.049,0.04,0.01,0.108,0.304,0.3,0.332,0.064,0.636,0.364,0.249,0.708,0.044,0.569,0.101,0.083,0.021,0.226
2017:Q1,48232696,14689402,14416631,15981843,3144820,19280084,2.654,4.025,6.066,-0.661,-2.131,9191281,5225351,1296363,3697540,231447,5227810,957572,782072,183634,2040193,2.502,0.762,0.748,0.829,0.163,0.477,0.271,0.067,0.192,0.012,0.271,0.05,0.041,0.01,0.106,0.305,0.299,0.331,0.065,0.638,0.362,0.248,0.708,0.044,0.569,0.104,0.085,0.02,0.222
2016:Q4,47857463,14549656,14137854,16008291,3161662,19089379,2.605,2.491,1.841,3.997,-0.453,9026016,5111839,1263030,3615032,233777,5116284,975013,806784,180783,1947152,2.507,0.762,0.741,0.839,0.166,0.473,0.268,0.066,0.189,0.012,0.268,0.051,0.042,0.009,0.102,0.304,0.295,0.334,0.066,0.638,0.362,0.247,0.707,0.046,0.567,0.108,0.089,0.02,0.216
2016:Q3,47558536,14465381,14077996,15849915,3165243,18892639,4.731,3.795,5.383,5.784,0.904,9066546,5011450,1233972,3548207,229271,5132160,1014222,808259,151010,1960895,2.517,0.766,0.745,0.839,0.168,0.48,0.265,0.065,0.188,0.012,0.272,0.054,0.043,0.008,0.104,0.304,0.296,0.333,0.067,0.644,0.356,0.246,0.708,0.046,0.566,0.112,0.089,0.017,0.216
2016:Q2,47010443,14336847,13891508,15623983,3158105,18711702,4.496,3.489,4.054,6.255,2.377,8975390,4916118,1204579,3481314,230224,5053570,1008054,787332,186629,1939805,2.512,0.766,0.742,0.835,0.169,0.48,0.263,0.064,0.186,0.012,0.27,0.054,0.042,0.01,0.104,0.305,0.295,0.332,0.067,0.646,0.354,0.245,0.708,0.047,0.563,0.112,0.088,0.021,0.216
2016:Q1,46495914,14220468,13752583,15383416,3139448,18525933,5.347,2.822,8.484,5.744,1.32,8933766,4818817,1177115,3414374,227327,4977068,1016623,796392,185234,1958449,2.51,0.768,0.742,0.83,0.169,0.482,0.26,0.064,0.184,0.012,0.269,0.055,0.043,0.01,0.106,0.306,0.296,0.331,0.068,0.65,0.35,0.244,0.709,0.047,0.557,0.114,0.089,0.021,0.219
2015:Q4,45892047,14129815,13467482,15165626,3129124,18435137,5.769,2.572,5.684,10.411,-1.333,8742104,4725378,1144804,3347624,232950,4847935,988295,804062,179017,1922795,2.489,0.766,0.731,0.823,0.17,0.474,0.256,0.062,0.182,0.013,0.263,0.054,0.044,0.01,0.104,0.308,0.293,0.33,0.068,0.649,0.351,0.242,0.708,0.049,0.555,0.113,0.092,0.02,0.22
2015:Q3,45360388,14136925,13302967,14780910,3139585,18401626,3.071,2.228,5.682,2.055,0.692,8639933,4663034,1128158,3302690,232186,4799872,960409,761524,172778,1945350,2.465,0.768,0.723,0.803,0.171,0.47,0.253,0.061,0.179,0.013,0.261,0.052,0.041,0.009,0.106,0.312,0.293,0.326,0.069,0.649,0.351,0.242,0.708,0.05,0.556,0.111,0.088,0.02,0.225
2015:Q2,45024700,14067984,13117192,14705362,3134162,18279784,5.519,3.43,8.706,5.803,0.454,8518874,4598318,1112677,3257808,227833,4714716,946843,746865,154605,1955845,2.463,0.77,0.718,0.804,0.171,0.466,0.252,0.061,0.178,0.012,0.258,0.052,0.041,0.008,0.107,0.312,0.291,0.327,0.07,0.649,0.351,0.242,0.708,0.05,0.553,0.111,0.088,0.018,0.23
2015:Q1,44423939,13959815,12838438,14495075,3130611,18063529,3.529,2.224,7.627,1.496,2.187,8303297,4535140,1098132,3213338,223670,4553900,912575,719353,167312,1950157,2.459,0.773,0.711,0.802,0.173,0.46,0.251,0.061,0.178,0.012,0.252,0.051,0.04,0.009,0.108,0.314,0.289,0.326,0.07,0.647,0.353,0.242,0.709,0.049,0.548,0.11,0.087,0.02,0.235
2014:Q4,44074035,13906943,12612447,14441054,3113591,17912079,4.045,1.722,7.929,3.623,0.901,8133629,4478818,1081736,3169339,227743,4444611,888929,701897,182012,1916180,2.461,0.776,0.704,0.806,0.174,0.454,0.25,0.06,0.177,0.013,0.248,0.05,0.039,0.01,0.107,0.316,0.286,0.328,0.071,0.645,0.355,0.242,0.708,0.051,0.546,0.109,0.086,0.022,0.236
2014:Q3,43632530,13854828,12359668,14311438,3106596,17804228,2.81,-1.445,6.377,6.279,-7.627,7956321,4403347,1058816,3122573,221958,4347676,853266,682777,182924,1889678,2.451,0.778,0.694,0.804,0.174,0.447,0.247,0.059,0.175,0.012,0.244,0.048,0.038,0.01,0.106,0.318,0.283,0.328,0.071,0.644,0.356,0.24,0.709,0.05,0.546,0.107,0.086,0.023,0.238
2014:Q2,43339710,13916576,12165905,14090250,3166979,17518508,3.706,1.842,6.097,4.784,-1.897,7832912,4332993,1037984,3076249,218760,4298546,827971,686405,177492,1842498,2.474,0.794,0.694,0.804,0.181,0.447,0.247,0.059,0.176,0.012,0.245,0.047,0.039,0.01,0.105,0.321,0.281,0.325,0.073,0.644,0.356,0.24,0.71,0.05,0.549,0.106,0.088,0.023,0.235
2014:Q1,42954411,13864651,11983977,13923713,3182070,17197738,4.593,2.201,6.62,6.38,-0.239,7719639,4264338,1018574,3030158,215606,4224230,798636,689464,163148,1844161,2.498,0.806,0.697,0.81,0.185,0.449,0.248,0.059,0.176,0.013,0.246,0.046,0.04,0.009,0.107,0.323,0.279,0.324,0.074,0.644,0.356,0.239,0.711,0.051,0.547,0.103,0.089,0.021,0.239
2013:Q4,42481592,13802718,11789771,13705127,3183976,17192019,6.166,5.241,5.135,8.657,3.382,7592755,4197016,996503,2983979,216534,4159987,781713,701830,144511,1804714,2.471,0.803,0.686,0.797,0.185,0.442,0.244,0.058,0.174,0.013,0.242,0.045,0.041,0.008,0.105,0.325,0.278,0.323,0.075,0.644,0.356,0.237,0.711,0.052,0.548,0.103,0.092,0.019,0.238
2013:Q3,41864738,13640120,11652530,13414810,3157279,16953838,3.567,0.956,6.928,4.67,-1.966,7484851,4167678,990941,2964866,211872,4113711,750425,695012,153315,1772388,2.469,0.805,0.687,0.791,0.186,0.441,0.246,0.058,0.175,0.012,0.243,0.044,0.041,0.009,0.105,0.326,0.278,0.32,0.075,0.642,0.358,0.238,0.711,0.051,0.55,0.1,0.093,0.02,0.237
2013:Q2,41516724,13628546,11455305,13260000,3172874,16728687,2.816,1.119,5.823,3.2,-2.163,7313607,4141698,985464,2945760,210474,4003163,725734,681483,130314,1772913,2.482,0.815,0.685,0.793,0.19,0.437,0.248,0.059,0.176,0.013,0.239,0.043,0.041,0.008,0.106,0.328,0.276,0.319,0.076,0.638,0.362,0.238,0.711,0.051,0.547,0.099,0.093,0.018,0.242
2013:Q1,41252306,13615154,11292256,13154773,3190124,16648189,4.364,1.853,2.62,9.556,0.267,7177706,4114549,980553,2926600,207396,3947074,709214,663035,135344,1723039,2.478,0.818,0.678,0.79,0.192,0.431,0.247,0.059,0.176,0.012,0.237,0.043,0.04,0.008,0.103,0.33,0.274,0.319,0.077,0.636,0.364,0.238,0.711,0.05,0.55,0.099,0.092,0.019,0.24
2012:Q4,40834664,13578644,11220199,12847828,3187993,16420419,3.953,-0.2,8.281,6.453,-3.128,7127659,4092540,974774,2907482,210284,3901832,728460,673989,130329,1693049,2.487,0.827,0.683,0.782,0.194,0.434,0.249,0.059,0.177,0.013,0.238,0.044,0.041,0.008,0.103,0.333,0.275,0.315,0.078,0.635,0.365,0.238,0.71,0.051,0.547,0.102,0.095,0.018,0.238
2012:Q3,40492312,13616154,11019193,12643841,3213124,16319541,4.443,0.109,6.676,8.338,0.296,6969171,4050022,959865,2883925,206232,3790343,696190,672130,112715,1697793,2.481,0.834,0.675,0.775,0.197,0.427,0.248,0.059,0.177,0.013,0.232,0.043,0.041,0.007,0.104,0.336,0.272,0.312,0.079,0.632,0.368,0.237,0.712,0.051,0.544,0.1,0.096,0.016,0.244
2012:Q2,40084960,13648430,10840138,12385649,3210744,16207115,5.311,0.176,4.319,12.765,2.63,6831873,4008265,945328,2860253,202683,3685023,681397,695063,121582,1648808,2.473,0.842,0.669,0.764,0.198,0.422,0.247,0.058,0.176,0.013,0.227,0.042,0.043,0.008,0.102,0.34,0.27,0.309,0.08,0.63,0.37,0.236,0.714,0.051,0.539,0.1,0.102,0.018,0.241
2012:Q1,39602727,13684241,10726103,12002610,3189774,16068805,4.672,0.789,3.527,11.497,0.188,6762308,3963795,929674,2836421,197700,3623324,651025,726880,114324,1646755,2.465,0.852,0.668,0.747,0.199,0.421,0.247,0.058,0.177,0.012,0.225,0.041,0.045,0.007,0.102,0.346,0.271,0.303,0.081,0.63,0.37,0.235,0.716,0.05,0.536,0.096,0.107,0.017,0.244
2011:Q4,39184546,13689232,10639786,11667250,3188278,15842259,4.002,0.372,3.935,9.252,1.047,6718556,3921230,910331,2812489,198410,3546408,643093,765703,116307,1647045,2.473,0.864,0.672,0.736,0.201,0.424,0.248,0.057,0.178,0.013,0.224,0.041,0.048,0.007,0.104,0.349,0.272,0.298,0.081,0.631,0.369,0.232,0.717,0.051,0.528,0.096,0.114,0.017,0.245
2011:Q3,38832415,13711142,10537830,11403487,3179957,15647680,4.874,-0.535,3.036,14.676,0.432,6604564,3933265,915152,2822127,195986,3508929,598656,762385,109177,1625417,2.482,0.876,0.673,0.729,0.203,0.422,0.251,0.058,0.18,0.013,0.224,0.038,0.049,0.007,0.104,0.353,0.271,0.294,0.082,0.627,0.373,0.233,0.718,0.05,0.531,0.091,0.115,0.017,0.246
2011:Q2,38401267,13764652,10460171,10999912,3176530,15557539,3.39,-0.439,3.285,10.258,-2.753,6507859,3952312,920146,2831641,200525,3466499,541254,784559,101762,1613785,2.468,0.885,0.672,0.707,0.204,0.418,0.254,0.059,0.182,0.013,0.223,0.035,0.05,0.007,0.104,0.358,0.272,0.286,0.083,0.622,0.378,0.233,0.716,0.051,0.533,0.083,0.121,0.016,0.248
2011:Q1,38119125,13818835,10376862,10724880,3198548,15351448,2.531,1.646,0.354,7.458,-2.782,6406108,3970754,926679,2841112,202964,3411221,518591,809593,89378,1577325,2.483,0.9,0.676,0.699,0.208,0.417,0.259,0.06,0.185,0.013,0.222,0.034,0.053,0.006,0.103,0.363,0.272,0.281,0.084,0.617,0.383,0.233,0.716,0.051,0.532,0.081,0.126,0.014,0.246
2010:Q4,37920486,13801380,10369593,10528562,3220951,15309474,4.169,0.494,0.685,12.176,5.868,6382876,3986717,927538,2852937,206242,3386239,498880,849428,82928,1565401,2.477,0.901,0.677,0.688,0.21,0.417,0.26,0.061,0.186,0.013,0.221,0.033,0.055,0.005,0.102,0.364,0.273,0.278,0.085,0.616,0.384,0.233,0.716,0.052,0.531,0.078,0.133,0.013,0.245
2010:Q3,37660842,13821642,10447272,10217548,3174380,15141607,4.55,-1.63,1.792,17.211,1.608,6448717,3998554,932629,2856998,208928,3340143,484947,851597,97592,1674438,2.487,0.913,0.69,0.675,0.21,0.426,0.264,0.062,0.189,0.014,0.221,0.032,0.056,0.006,0.111,0.367,0.277,0.271,0.084,0.617,0.383,0.233,0.715,0.052,0.518,0.075,0.132,0.015,0.26
2010:Q2,37280683,13920010,10402952,9796052,3161668,14980193,4.577,-0.432,-2.621,21.514,0.774,6400394,4002559,937682,2861026,203851,3271366,488853,875899,86651,1677625,2.489,0.929,0.694,0.654,0.211,0.427,0.267,0.063,0.191,0.014,0.218,0.033,0.058,0.006,0.112,0.373,0.279,0.263,0.085,0.615,0.385,0.234,0.715,0.051,0.511,0.076,0.137,0.014,0.262
2010:Q1,36908389,13982762,10474001,9296065,3155561,14764610,3.253,-2.043,-2.62,18.617,3.097,6463934,4010067,943299,2865072,201696,3245582,524150,917516,70974,1705712,2.5,0.947,0.709,0.63,0.214,0.438,0.272,0.064,0.194,0.014,0.22,0.036,0.062,0.005,0.116,0.379,0.284,0.252,0.085,0.617,0.383,0.235,0.714,0.05,0.502,0.081,0.142,0.011,0.264
2009:Q4,36542831,14033879,10500941,8882645,3125366,14651249,2.218,0.799,-4.118,11.32,5.2,6484699,4016242,944299,2869137,202806,3197974,567270,937757,58410,1723288,2.494,0.958,0.717,0.606,0.213,0.443,0.274,0.064,0.196,0.014,0.218,0.039,0.064,0.004,0.118,0.384,0.287,0.243,0.086,0.618,0.382,0.235,0.714,0.05,0.493,0.087,0.145,0.009,0.266
2009:Q3,36499794,14068275,10708077,8638185,3085257,14448882,3.224,0.426,-4.921,18.699,3.26,6658596,4049481,975074,2869720,204688,3168896,616757,980156,64093,1828694,2.526,0.974,0.741,0.598,0.214,0.461,0.28,0.067,0.199,0.014,0.219,0.043,0.068,0.004,0.127,0.385,0.293,0.237,0.085,0.622,0.378,0.241,0.709,0.051,0.476,0.093,0.147,0.01,0.275
2009:Q2,36273900,14116478,10844708,8252399,3060316,14381236,4.996,0.859,-3.27,23.879,5.606,6761878,4082829,1005144,2870563,207122,3145868,686410,1015530,63586,1850484,2.522,0.982,0.754,0.574,0.213,0.47,0.284,0.07,0.2,0.014,0.219,0.048,0.071,0.004,0.129,0.389,0.299,0.228,0.084,0.624,0.376,0.246,0.703,0.051,0.465,0.102,0.15,0.009,0.274
2009:Q1,35879871,14137344,10937007,7787502,3018018,14430902,3.936,-0.39,-2.987,22.269,4.747,6824219,4112788,1036318,2871423,205046,3078904,748750,1025057,96783,1874725,2.486,0.98,0.758,0.54,0.209,0.473,0.285,0.072,0.199,0.014,0.213,0.052,0.071,0.007,0.13,0.394,0.305,0.217,0.084,0.624,0.376,0.252,0.698,0.05,0.451,0.11,0.15,0.014,0.275
2008:Q4,35568683,14197087,11012160,7376817,2982619,14608209,3.781,-6.799,1.17,32.569,-1.039,6886780,4125380,1046270,2870360,208751,2987892,805495,1035386,131477,1926530,2.435,0.972,0.754,0.505,0.204,0.471,0.282,0.072,0.196,0.014,0.205,0.055,0.071,0.009,0.132,0.399,0.31,0.207,0.084,0.625,0.375,0.254,0.696,0.051,0.434,0.117,0.15,0.019,0.28
2008:Q3,35280522,14486509,10982234,6821396,2990383,14898999,8.879,3.367,5.388,31.201,0.819,6930903,4051330,1016982,2823815,210533,2971218,824343,1076391,130923,1928028,2.368,0.972,0.737,0.458,0.201,0.465,0.272,0.068,0.19,0.014,0.199,0.055,0.072,0.009,0.129,0.411,0.311,0.193,0.085,0.631,0.369,0.251,0.697,0.052,0.429,0.119,0.155,0.019,0.278
2008:Q2,34552908,14397781,10843052,6327804,2984271,14865701,3.461,-0.355,7.738,5.43,2.559,6862899,3980153,987878,2777084,215191,2955555,797870,1111957,115214,1882303,2.324,0.969,0.729,0.426,0.201,0.462,0.268,0.066,0.187,0.014,0.199,0.054,0.075,0.008,0.127,0.417,0.314,0.183,0.086,0.633,0.367,0.248,0.698,0.054,0.431,0.116,0.162,0.017,0.274
2008:Q1,34289080,14441880,10638837,6243059,2965303,14706538,6.831,4.899,8.013,11.112,3.183,6745727,3893110,957804,2730244,205062,2882478,788544,1115343,134532,1824830,2.332,0.982,0.723,0.425,0.202,0.459,0.265,0.065,0.186,0.014,0.196,0.054,0.076,0.009,0.124,0.421,0.31,0.182,0.086,0.634,0.366,0.246,0.701,0.053,0.427,0.117,0.165,0.02,0.271
2007:Q4,33733862,14286762,10430894,6074315,2941891,14715058,6.946,5.569,10.723,5.34,3.749,6624044,3806850,926670,2683282,196899,2862043,739935,1103081,123814,1795171,2.292,0.971,0.709,0.413,0.2,0.45,0.259,0.063,0.182,0.013,0.194,0.05,0.075,0.008,0.122,0.424,0.309,0.18,0.087,0.635,0.365,0.243,0.705,0.052,0.432,0.112,0.167,0.019,0.271
2007:Q3,33170932,14102887,10159180,5994294,2914571,14564117,7.714,6.149,13.254,3.708,4.611,6468639,3690541,891652,2606540,192349,2835823,708688,1086248,119826,1718054,2.278,0.968,0.698,0.412,0.2,0.444,0.253,0.061,0.179,0.013,0.195,0.049,0.075,0.008,0.118,0.425,0.306,0.181,0.088,0.637,0.363,0.242,0.706,0.052,0.438,0.11,0.168,0.019,0.266
2007:Q2,32549553,13895180,9833777,5939237,2881359,14402082,8.635,9.106,12.914,0.928,8.104,6258966,3574810,857311,2529740,187759,2813656,656872,1049485,127487,1611466,2.26,0.965,0.683,0.412,0.2,0.435,0.248,0.06,0.176,0.013,0.195,0.046,0.073,0.009,0.112,0.427,0.302,0.182,0.089,0.636,0.364,0.24,0.708,0.053,0.45,0.105,0.168,0.02,0.257
2007:Q1,31867646,13591523,9526492,5925487,2824143,14215651,8.169,6.304,10.683,8.378,8.329,6066954,3459538,822971,2452952,183615,2763530,643818,1027527,117252,1514827,2.242,0.956,0.67,0.417,0.199,0.427,0.243,0.058,0.173,0.013,0.194,0.045,0.072,0.008,0.107,0.426,0.299,0.186,0.089,0.637,0.363,0.238,0.709,0.053,0.456,0.106,0.169,0.019,0.25
2006:Q4,31227709,13384699,9272550,5803923,2766537,14039560,7.65,8.184,10.952,2.101,5.902,5930148,3342402,785821,2376133,180449,2738714,631317,1023848,112517,1423752,2.224,0.953,0.66,0.413,0.197,0.422,0.238,0.056,0.169,0.013,0.195,0.045,0.073,0.008,0.101,0.429,0.297,0.186,0.089,0.64,0.36,0.235,0.711,0.054,0.462,0.106,0.173,0.019,0.24
2006:Q3,30652212,13126874,9025435,5773590,2726312,13870188,6.361,9.004,6.709,0.276,5.647,5786719,3238716,757362,2305284,176071,2713228,641874,991658,84744,1355215,2.21,0.946,0.651,0.416,0.197,0.417,0.234,0.055,0.166,0.013,0.196,0.046,0.071,0.006,0.098,0.428,0.294,0.188,0.089,0.641,0.359,0.234,0.712,0.054,0.469,0.111,0.171,0.015,0.234
2006:Q2,30172405,12837896,8876543,5769608,2688358,13753424,9.587,12.06,9.895,5.537,5.63,5741058,3135485,728299,2234469,172717,2700359,645606,964943,90114,1340036,2.194,0.933,0.645,0.42,0.195,0.417,0.228,0.053,0.162,0.013,0.196,0.047,0.07,0.007,0.097,0.425,0.294,0.191,0.089,0.647,0.353,0.232,0.713,0.055,0.47,0.112,0.168,0.016,0.233
2006:Q1,29484466,12480319,8662268,5690834,2651044,13599160,9.27,11.492,10.049,7.596,0.172,5632102,3030166,700021,2163634,166511,2674638,638291,945405,84380,1289388,2.168,0.918,0.637,0.418,0.195,0.414,0.223,0.051,0.159,0.012,0.197,0.047,0.07,0.006,0.095,0.423,0.294,0.193,0.09,0.65,0.35,0.231,0.714,0.055,0.475,0.113,0.168,0.015,0.229
2005:Q4,28770650,12088004,8447965,5584775,2649906,13324204,8.513,10.119,9.271,6.012,4.152,5520881,2927084,670528,2092868,163688,2661796,613221,911853,90071,1243940,2.159,0.907,0.634,0.419,0.199,0.414,0.22,0.05,0.157,0.012,0.2,0.046,0.068,0.007,0.093,0.42,0.294,0.194,0.092,0.654,0.346,0.229,0.715,0.056,0.482,0.111,0.165,0.016,0.225
2005:Q3,28171108,11789762,8256588,5502074,2622684,13142642,8.06,11.38,6.542,4.05,6.556,5417980,2838609,630606,2048365,159637,2670010,617635,845054,93471,1191810,2.143,0.897,0.628,0.419,0.2,0.412,0.216,0.048,0.156,0.012,0.203,0.047,0.064,0.007,0.091,0.419,0.293,0.195,0.093,0.656,0.344,0.222,0.722,0.056,0.493,0.114,0.156,0.017,0.22
2005:Q2,27614674,11463627,8123728,5446929,2580390,12922656,9.479,11.744,8.108,7.995,6.974,5371816,2751912,590594,2003920,157398,2673687,652449,793281,96668,1155731,2.137,0.887,0.629,0.422,0.2,0.416,0.213,0.046,0.155,0.012,0.207,0.05,0.061,0.007,0.089,0.415,0.294,0.197,0.093,0.661,0.339,0.215,0.728,0.057,0.498,0.121,0.148,0.018,0.215
2005:Q1,26988081,11136666,7962336,5352908,2536170,12767286,8.198,8.834,7.595,7.772,8.203,5295123,2667213,551756,1959604,155854,2693484,638273,735148,105194,1123024,2.114,0.872,0.624,0.419,0.199,0.415,0.209,0.043,0.153,0.012,0.211,0.05,0.058,0.008,0.088,0.413,0.295,0.198,0.094,0.665,0.335,0.207,0.735,0.058,0.509,0.121,0.139,0.02,0.212
2004:Q4,26446071,10896018,7813966,5250883,2485204,12527214,9.054,12.852,6.949,5.985,5.77,5225433,2588533,512637,1915332,160563,2699119,634957,712316,97782,1081259,2.111,0.87,0.624,0.419,0.198,0.417,0.207,0.041,0.153,0.013,0.215,0.051,0.057,0.008,0.086,0.412,0.295,0.199,0.094,0.669,0.331,0.198,0.74,0.062,0.517,0.122,0.136,0.019,0.207
2004:Q3,25860695,10556818,7680538,5173475,2449865,12305307,8.163,9.507,6.945,7.254,8.148,5154659,2525879,506837,1857886,161155,2704891,614908,696719,88258,1049883,2.102,0.858,0.624,0.42,0.199,0.419,0.205,0.041,0.151,0.013,0.22,0.05,0.057,0.007,0.085,0.408,0.297,0.2,0.095,0.671,0.329,0.201,0.736,0.064,0.525,0.119,0.135,0.017,0.204
2004:Q2,25328972,10297220,7549466,5081330,2400956,12112815,9.512,11.684,3.731,13.788,9.732,5085459,2464007,501209,1800436,162362,2708818,600335,662878,90139,1023289,2.091,0.85,0.623,0.42,0.198,0.42,0.203,0.041,0.149,0.013,0.224,0.05,0.055,0.007,0.084,0.407,0.298,0.201,0.095,0.674,0.326,0.203,0.731,0.066,0.533,0.118,0.13,0.018,0.201
2004:Q1,24740619,10004982,7479695,4912016,2343926,11923447,7.75,9.389,6.625,5.279,10.443,5075267,2404428,495814,1743042,165572,2726318,596625,644486,85428,1022410,2.075,0.839,0.627,0.412,0.197,0.426,0.202,0.042,0.146,0.014,0.229,0.05,0.054,0.007,0.086,0.404,0.302,0.199,0.095,0.679,0.321,0.206,0.725,0.069,0.537,0.118,0.127,0.017,0.201
2003:Q4,23515986,9765343,7334173,4848035,1568435,11772234,6.365,10.293,0.12,8.03,6.664,4999601,2334572,479686,1694723,160163,2718068,628789,600078,82481,970185,1.998,0.83,0.623,0.412,0.133,0.425,0.198,0.041,0.144,0.014,0.231,0.053,0.051,0.007,0.082,0.415,0.312,0.206,0.067,0.682,0.318,0.205,0.726,0.069,0.544,0.126,0.12,0.016,0.194
2003:Q3,23115880,9502629,7317893,4752624,1542735,11566669,7.632,10.315,3.091,9.833,6.262,5003513,2314380,476620,1678706,159053,2713143,639720,595087,93346,962217,1.998,0.822,0.633,0.411,0.133,0.433,0.2,0.041,0.145,0.014,0.235,0.055,0.051,0.008,0.083,0.411,0.317,0.206,0.067,0.684,0.316,0.206,0.725,0.069,0.542,0.128,0.119,0.019,0.192
2003:Q2,22683066,9263739,7261779,4638594,1518954,11312766,10.522,15.952,0.914,14.799,11.946,4964502,2297278,474719,1662684,159875,2683189,651926,572626,98006,958755,2.005,0.819,0.642,0.41,0.134,0.439,0.203,0.042,0.147,0.014,0.237,0.058,0.051,0.009,0.085,0.408,0.32,0.204,0.067,0.684,0.316,0.207,0.724,0.07,0.54,0.131,0.115,0.02,0.193
2003:Q1,22101705,8908464,7245231,4473103,1474906,11174129,5.898,10.532,1.098,4.136,7.461,4964614,2280617,473059,1646668,160891,2637654,684507,561294,114330,966829,1.978,0.797,0.648,0.4,0.132,0.444,0.204,0.042,0.147,0.014,0.236,0.061,0.05,0.01,0.087,0.403,0.328,0.202,0.067,0.685,0.315,0.207,0.722,0.071,0.531,0.138,0.113,0.023,0.195
2002:Q4,21780544,8679912,7225404,4427328,1447900,11061433,7.404,11.031,2.61,6.393,13.246,4965634,2259770,469317,1630587,159866,2630641,708528,547875,119813,958777,1.969,0.785,0.653,0.4,0.131,0.449,0.204,0.042,0.147,0.014,0.238,0.064,0.05,0.011,0.087,0.399,0.332,0.203,0.066,0.687,0.313,0.208,0.722,0.071,0.53,0.143,0.11,0.024,0.193
2002:Q3,21384699,8446967,7178565,4357679,1401488,10984040,7.06,9.829,1.902,9.137,10.857,4957958,2220607,463680,1598868,158059,2621958,732907,517955,132126,953012,1.947,0.769,0.654,0.397,0.128,0.451,0.202,0.042,0.146,0.014,0.239,0.067,0.047,0.012,0.087,0.395,0.336,0.204,0.066,0.691,0.309,0.209,0.72,0.071,0.529,0.148,0.104,0.027,0.192
2002:Q2,21013797,8244382,7144599,4260360,1364455,10887460,6.316,7.442,2.087,9.999,10.564,4962555,2182044,458503,1567133,156408,2636598,754462,498479,144073,928943,1.93,0.757,0.656,0.391,0.125,0.456,0.2,0.042,0.144,0.014,0.242,0.069,0.046,0.013,0.085,0.392,0.34,0.203,0.065,0.695,0.305,0.21,0.718,0.072,0.531,0.152,0.1,0.029,0.187
2002:Q1,20687125,8093794,7107523,4156460,1329349,10783500,5.573,9.736,3.104,1.083,7.979,4965092,2142431,452630,1535377,154424,2605003,797007,484257,158284,920541,1.918,0.751,0.659,0.385,0.123,0.46,0.199,0.042,0.142,0.014,0.242,0.074,0.045,0.015,0.085,0.391,0.344,0.201,0.064,0.699,0.301,0.211,0.717,0.072,0.525,0.161,0.098,0.032,0.185
2001:Q4,20402848,7901471,7052789,4145237,1303350,10660465,4.759,5.018,3.497,4.721,10.231,4950373,2102417,445636,1505036,151745,2563926,811191,480674,177726,916856,1.914,0.741,0.662,0.389,0.122,0.464,0.197,0.042,0.141,0.014,0.241,0.076,0.045,0.017,0.086,0.387,0.346,0.203,0.064,0.702,0.298,0.212,0.716,0.072,0.518,0.164,0.097,0.036,0.185
2001:Q3,20162982,7803577,6991673,4096886,1270846,10598020,8.149,12.822,4.109,6.609,7.213,4932364,2059308,436183,1470520,152606,2521682,846674,450992,167068,945948,1.903,0.736,0.66,0.387,0.12,0.465,0.194,0.041,0.139,0.014,0.238,0.08,0.043,0.016,0.089,0.387,0.347,0.203,0.063,0.705,0.295,0.212,0.714,0.074,0.511,0.172,0.091,0.034,0.192
2001:Q2,19760417,7561207,6920573,4030300,1248336,10599000,4.807,9.889,7.42,-8.985,6.111,4898752,2021822,427881,1437351,156590,2487524,875287,426446,178174,931321,1.864,0.713,0.653,0.38,0.118,0.462,0.191,0.04,0.136,0.015,0.235,0.083,0.04,0.017,0.088,0.383,0.35,0.204,0.063,0.708,0.292,0.212,0.711,0.077,0.508,0.179,0.087,0.036,0.19
2001:Q1,19525196,7378785,6793949,4122911,1229551,10470231,5.123,6.616,3.704,3.216,10.571,4815127,1978822,416943,1407296,154583,2366527,900474,415215,211055,921856,1.865,0.705,0.649,0.394,0.117,0.46,0.189,0.04,0.134,0.015,0.226,0.086,0.04,0.02,0.088,0.378,0.348,0.211,0.063,0.709,0.291,0.211,0.711,0.078,0.491,0.187,0.086,0.044,0.191
2000:Q4,19295640,7258718,6749004,4090025,1197892,10435744,3.65,6.16,6.645,-5.199,2.674,4810362,1938642,402120,1381475,155047,2267814,918905,439111,278402,906130,1.849,0.696,0.647,0.392,0.115,0.461,0.186,0.039,0.132,0.015,0.217,0.088,0.042,0.027,0.087,0.376,0.35,0.212,0.062,0.713,0.287,0.207,0.713,0.08,0.471,0.191,0.091,0.058,0.188
2000:Q3,19121170,7148638,6638711,4143885,1189936,10318165,4.133,9.009,6.008,-6.72,3.66,4750244,1888467,390064,1345746,152657,2242337,915052,437147,279408,876300,1.853,0.693,0.643,0.402,0.115,0.46,0.183,0.038,0.13,0.015,0.217,0.089,0.042,0.027,0.085,0.374,0.347,0.217,0.062,0.716,0.284,0.207,0.713,0.081,0.472,0.193,0.092,0.059,0.184
2000:Q2,18915847,6981532,6540479,4214690,1179146,10247720,4.081,7.51,10.613,-9.274,-2.23,4690532,1849947,384773,1314866,150309,2203725,910927,432190,265376,878314,1.846,0.681,0.638,0.411,0.115,0.458,0.181,0.038,0.128,0.015,0.215,0.089,0.042,0.026,0.086,0.369,0.346,0.223,0.062,0.717,0.283,0.208,0.711,0.081,0.47,0.194,0.092,0.057,0.187
2000:Q1,18724788,6852877,6371426,4314730,1185755,10002179,6.718,11.176,10.854,-4.607,1.608,4581347,1790078,362953,1278529,148597,2172237,881313,422981,237764,867052,1.872,0.685,0.637,0.431,0.119,0.458,0.179,0.036,0.128,0.015,0.217,0.088,0.042,0.024,0.087,0.366,0.34,0.23,0.063,0.719,0.281,0.203,0.714,0.083,0.474,0.192,0.092,0.052,0.189
1999:Q4,18437035,6687927,6203099,4365000,1181009,9900169,6.285,9.301,8.058,0.741,0.898,4460365,1742734,351696,1246913,144124,2129067,867951,410171,230326,822850,1.862,0.676,0.627,0.441,0.119,0.451,0.176,0.036,0.126,0.015,0.215,0.088,0.041,0.023,0.083,0.363,0.336,0.237,0.064,0.719,0.281,0.202,0.715,0.083,0.477,0.195,0.092,0.052,0.184
1999:Q3,18154060,6538201,6080568,4356927,1178363,9686626,6.802,8.605,11.81,-2.005,4.742,4396523,1684044,334640,1208160,141244,2105105,860325,397081,219317,814695,1.874,0.675,0.628,0.45,0.122,0.454,0.174,0.035,0.125,0.015,0.217,0.089,0.041,0.023,0.084,0.36,0.335,0.24,0.065,0.723,0.277,0.199,0.717,0.084,0.479,0.196,0.09,0.05,0.185
1999:Q2,17818147,6400510,5874207,4378872,1164558,9526210,5.715,9.104,7.254,-0.12,1.811,4243737,1630470,320032,1171643,138795,2038055,843150,349703,206878,805951,1.87,0.672,0.617,0.46,0.122,0.445,0.171,0.034,0.123,0.015,0.214,0.089,0.037,0.022,0.085,0.359,0.33,0.246,0.065,0.722,0.278,0.196,0.719,0.085,0.48,0.199,0.082,0.049,0.19
1999:Q1,17567140,6258072,5769573,4380185,1159310,9411682,7.172,9.265,11.933,-1.356,5.441,4175940,1593633,315416,1141159,137057,1975575,835127,339646,207538,818054,1.867,0.665,0.613,0.465,0.123,0.444,0.169,0.034,0.121,0.015,0.21,0.089,0.036,0.022,0.087,0.356,0.328,0.249,0.066,0.724,0.276,0.198,0.716,0.086,0.473,0.2,0.081,0.05,0.196
1998:Q4,17256286,6116429,5601018,4395086,1143753,9293991,6.673,8.811,10.571,-0.946,6.222,4055553,1545465,302100,1108788,134578,1926589,828739,322240,192958,785027,1.857,0.658,0.603,0.473,0.123,0.436,0.166,0.033,0.119,0.014,0.207,0.089,0.035,0.021,0.084,0.354,0.325,0.255,0.066,0.724,0.276,0.195,0.717,0.087,0.475,0.204,0.079,0.048,0.194
1998:Q3,16973142,5984597,5456809,4405501,1126235,9121097,5.36,6.14,11.146,-2.687,5.692,3957501,1499308,296276,1071740,131293,1891588,813418,302490,203697,746308,1.861,0.656,0.598,0.483,0.123,0.434,0.164,0.032,0.118,0.014,0.207,0.089,0.033,0.022,0.082,0.353,0.321,0.26,0.066,0.725,0.275,0.198,0.715,0.088,0.478,0.206,0.076,0.051,0.189
1998:Q2,16748726,5894117,5308877,4435299,1110433,8969699,8.47,8.568,13.892,2.507,6.541,3854828,1454049,288911,1034790,130348,1866434,782271,293915,182305,729903,1.867,0.657,0.592,0.494,0.124,0.43,0.162,0.032,0.115,0.015,0.208,0.087,0.033,0.02,0.081,0.352,0.317,0.265,0.066,0.726,0.274,0.199,0.712,0.09,0.484,0.203,0.076,0.047,0.189
1998:Q1,16401438,5770512,5130689,4407670,1092568,8866480,7.045,7.723,12.69,0.107,5.802,3724829,1405860,279725,997910,128225,1783173,748114,294881,181365,717296,1.85,0.651,0.579,0.497,0.123,0.42,0.159,0.032,0.113,0.014,0.201,0.084,0.033,0.02,0.081,0.352,0.313,0.269,0.067,0.726,0.274,0.199,0.71,0.091,0.479,0.201,0.079,0.049,0.193
1997:Q4,16117619,5661212,4972969,4406492,1076946,8765907,5.008,5.734,8.97,-0.848,7.404,3610193,1362776,276569,961058,125148,1710490,733262,295941,168598,701902,1.839,0.646,0.567,0.503,0.123,0.412,0.155,0.032,0.11,0.014,0.195,0.084,0.034,0.019,0.08,0.351,0.309,0.273,0.067,0.726,0.274,0.203,0.705,0.092,0.474,0.203,0.082,0.047,0.194
1997:Q3,15918387,5581267,4863897,4415850,1057373,8662823,6.822,7.14,11.048,1.821,7.05,3531217,1332680,263179,943393,126107,1695676,718169,286327,165437,665608,1.838,0.644,0.561,0.51,0.122,0.408,0.154,0.03,0.109,0.015,0.196,0.083,0.033,0.019,0.077,0.351,0.306,0.277,0.066,0.726,0.274,0.197,0.708,0.095,0.48,0.203,0.081,0.047,0.188
1997:Q2,15652923,5483368,4734654,4395842,1039059,8518825,5.571,6.104,8.534,2.39,2.936,3428586,1306068,255502,930962,119604,1644758,708319,269347,163294,642868,1.837,0.644,0.556,0.516,0.122,0.402,0.153,0.03,0.109,0.014,0.193,0.083,0.032,0.019,0.075,0.35,0.302,0.281,0.066,0.724,0.276,0.196,0.713,0.092,0.48,0.207,0.079,0.048,0.188
1997:Q1,15437876,5400903,4635748,4369736,1031489,8362655,5.272,6.597,7.134,2.455,2.066,3353933,1281815,244636,916852,120327,1609258,692229,259706,158159,634581,1.846,0.646,0.554,0.523,0.123,0.401,0.153,0.029,0.11,0.014,0.192,0.083,0.031,0.019,0.076,0.35,0.3,0.283,0.067,0.723,0.277,0.191,0.715,0.094,0.48,0.206,0.077,0.047,0.189
1996:Q4,15237587,5313287,4555028,4343083,1026189,8259771,3.553,6.027,3.783,1.427,-1.099,3296802,1258226,229829,910112,118284,1581760,669521,253363,156405,635753,1.845,0.643,0.551,0.526,0.124,0.399,0.152,0.028,0.11,0.014,0.192,0.081,0.031,0.019,0.077,0.349,0.299,0.285,0.067,0.724,0.276,0.183,0.723,0.094,0.48,0.203,0.077,0.047,0.193
1996:Q3,15101869,5233450,4511756,4327646,1029017,8131408,4.708,5.465,5.96,4.466,-3.427,3271810,1239946,224468,899926,115552,1557981,663321,249841,162430,638237,1.857,0.644,0.555,0.532,0.127,0.402,0.152,0.028,0.111,0.014,0.192,0.082,0.031,0.02,0.078,0.347,0.299,0.287,0.068,0.725,0.275,0.181,0.726,0.093,0.476,0.203,0.076,0.05,0.195
1996:Q2,14926185,5162906,4445512,4279858,1037909,8032840,6.235,7.138,7.091,6.129,-1.332,3226240,1219272,211804,890104,117364,1541889,645683,245329,166058,627281,1.858,0.643,0.553,0.533,0.129,0.402,0.152,0.026,0.111,0.015,0.192,0.08,0.031,0.021,0.078,0.346,0.298,0.287,0.07,0.726,0.274,0.174,0.73,0.096,0.478,0.2,0.076,0.051,0.194
1996:Q1,14697095,5072380,4368073,4215265,1041378,7868468,6.299,8.818,5.629,6.096,-2.046,3166754,1201319,206694,877662,116964,1515638,635026,239522,163799,612769,1.868,0.645,0.555,0.536,0.132,0.402,0.153,0.026,0.112,0.015,0.193,0.081,0.03,0.021,0.078,0.345,0.297,0.287,0.071,0.725,0.275,0.172,0.731,0.097,0.479,0.201,0.076,0.052,0.194
1995:Q4,14469248,4950231,4320292,4151993,1046732,7772586,2.978,6.014,4.47,0.265,-6.334,3135127,1185165,200634,869926,114605,1493245,636165,234076,157351,614290,1.862,0.637,0.556,0.534,0.135,0.403,0.152,0.026,0.112,0.015,0.192,0.082,0.03,0.02,0.079,0.342,0.299,0.287,0.072,0.726,0.274,0.169,0.734,0.097,0.476,0.203,0.075,0.05,0.196
1995:Q3,14346186,4876898,4256473,4149242,1063573,7683125,4.494,7.833,4.568,3.046,-5.087,3083492,1172980,198880,861575,112525,1475183,624062,239433,152903,591911,1.867,0.635,0.554,0.54,0.138,0.401,0.153,0.026,0.112,0.015,0.192,0.081,0.031,0.02,0.077,0.34,0.297,0.289,0.074,0.724,0.276,0.17,0.735,0.096,0.478,0.202,0.078,0.05,0.192
1995:Q2,14186798,4783231,4208413,4117882,1077272,7580997,7.047,7.001,7.25,10.274,-5.396,3048898,1159515,196318,852642,110555,1465559,611782,235352,148168,588037,1.871,0.631,0.555,0.543,0.142,0.402,0.153,0.026,0.112,0.015,0.193,0.081,0.031,0.02,0.078,0.337,0.297,0.29,0.076,0.724,0.276,0.169,0.735,0.095,0.481,0.201,0.077,0.049,0.193
1995:Q1,13941210,4700954,4133494,4014760,1092002,7522289,4.815,6.37,6.959,3.714,-5.596,2983054,1150440,194004,845643,110794,1440558,590373,234362,139978,577783,1.853,0.625,0.549,0.534,0.145,0.397,0.153,0.026,0.112,0.015,0.192,0.078,0.031,0.019,0.077,0.337,0.296,0.288,0.078,0.722,0.278,0.169,0.735,0.096,0.483,0.198,0.079,0.047,0.194
1994:Q4,13775827,4627257,4063248,3977825,1107497,7455288,5.379,8.988,5.456,4.783,-7.293,2924442,1138806,189177,840947,108682,1428460,559786,231076,139238,565882,1.848,0.621,0.545,0.534,0.149,0.392,0.153,0.025,0.113,0.015,0.192,0.075,0.031,0.019,0.076,0.336,0.295,0.289,0.08,0.72,0.28,0.166,0.738,0.095,0.488,0.191,0.079,0.048,0.194
1994:Q3,13593023,4525560,4008574,3930823,1128066,7331075,5.262,6.437,5.584,5.283,-0.562,2874307,1134268,185501,842576,106190,1410226,542244,234933,129653,557251,1.854,0.617,0.547,0.536,0.154,0.392,0.155,0.025,0.115,0.014,0.192,0.074,0.032,0.018,0.076,0.333,0.295,0.289,0.083,0.717,0.283,0.164,0.743,0.094,0.491,0.189,0.082,0.045,0.194
1994:Q2,13416513,4453886,3953386,3879588,1129654,7246931,5.422,7.158,5.104,7.311,-6.38,2825073,1128312,181479,841635,105198,1396331,526809,228788,122893,550252,1.851,0.615,0.546,0.535,0.156,0.39,0.156,0.025,0.116,0.015,0.193,0.073,0.032,0.017,0.076,0.332,0.295,0.289,0.084,0.715,0.285,0.161,0.746,0.093,0.494,0.186,0.081,0.044,0.195
1994:Q1,13237073,4375585,3903578,3809948,1147963,7115652,4.599,6.72,5.996,2.707,-1.761,2778734,1124844,177923,841673,105248,1374071,513923,225397,121229,544114,1.86,0.615,0.549,0.535,0.161,0.391,0.158,0.025,0.118,0.015,0.193,0.072,0.032,0.017,0.076,0.331,0.295,0.288,0.087,0.712,0.288,0.158,0.748,0.094,0.494,0.185,0.081,0.044,0.196
1993:Q4,13080337,4303289,3839675,3784333,1153040,7013738,5.501,6.889,2.953,8.054,0.587,2716210,1123465,173860,845522,104083,1337881,509967,227716,117829,522817,1.865,0.614,0.547,0.54,0.164,0.387,0.16,0.025,0.121,0.015,0.191,0.073,0.032,0.017,0.075,0.329,0.294,0.289,0.088,0.707,0.293,0.155,0.753,0.093,0.493,0.188,0.084,0.043,0.192
1993:Q3,12888971,4228101,3799880,3709639,1151351,6882098,6.204,6.843,3.947,7.523,7.121,2675067,1124813,168635,850249,105929,1302923,507060,224468,115358,525258,1.873,0.614,0.552,0.539,0.167,0.389,0.163,0.025,0.124,0.015,0.189,0.074,0.033,0.017,0.076,0.328,0.295,0.288,0.089,0.704,0.296,0.15,0.756,0.094,0.487,0.19,0.084,0.043,0.196
1993:Q2,12692112,4156988,3762751,3641160,1131213,6808939,6.588,5.952,3.616,10.27,7.147,2632643,1130109,169412,855575,105121,1258846,508355,225957,112468,527017,1.864,0.611,0.553,0.535,0.166,0.387,0.166,0.025,0.126,0.015,0.185,0.075,0.033,0.017,0.077,0.328,0.296,0.287,0.089,0.7,0.3,0.15,0.757,0.093,0.478,0.193,0.086,0.043,0.2
1993:Q1,12486459,4096043,3729045,3550017,1111355,6729459,4.339,4.162,1.797,6.747,5.939,2595093,1133952,167095,861177,105680,1212362,509633,235159,105480,532459,1.855,0.609,0.554,0.528,0.165,0.386,0.169,0.025,0.128,0.016,0.18,0.076,0.035,0.016,0.079,0.328,0.299,0.284,0.089,0.696,0.304,0.147,0.759,0.093,0.467,0.196,0.091,0.041,0.205
1992:Q4,12351751,4053865,3711660,3491131,1095095,6680803,3.842,5.933,-0.697,7.873,-0.961,2568239,1143421,169474,867627,106320,1154504,517439,244547,107106,544643,1.849,0.607,0.556,0.523,0.164,0.384,0.171,0.025,0.13,0.016,0.173,0.077,0.037,0.016,0.082,0.328,0.3,0.283,0.089,0.692,0.308,0.148,0.759,0.093,0.45,0.201,0.095,0.042,0.212
1992:Q3,12234233,3994613,3718142,3423745,1097733,6566641,5.419,5.321,0.233,11.4,5.18,2568933,1149209,168388,875059,105761,1140928,526218,262876,100597,538314,1.863,0.608,0.566,0.521,0.167,0.391,0.175,0.026,0.133,0.016,0.174,0.08,0.04,0.015,0.082,0.327,0.304,0.28,0.09,0.691,0.309,0.147,0.761,0.092,0.444,0.205,0.102,0.039,0.21
1992:Q2,12070719,3942175,3715974,3328872,1083699,6470763,4.222,3.814,-0.795,11.221,2.008,2558295,1157679,167979,883955,105745,1125491,529100,271927,101215,530562,1.865,0.609,0.574,0.514,0.167,0.395,0.179,0.026,0.137,0.016,0.174,0.082,0.042,0.016,0.082,0.327,0.308,0.276,0.09,0.688,0.312,0.145,0.764,0.091,0.44,0.207,0.106,0.04,0.207
1992:Q1,11944645,3904945,3723378,3238034,1078287,6363102,4.825,5.372,0.022,11.523,-0.114,2558183,1165196,167593,891303,106299,1106050,540334,278573,102477,530749,1.877,0.614,0.585,0.509,0.169,0.402,0.183,0.026,0.14,0.017,0.174,0.085,0.044,0.016,0.083,0.327,0.312,0.271,0.09,0.687,0.313,0.144,0.765,0.091,0.432,0.211,0.109,0.04,0.207
1991:Q4,11799161,3853200,3720003,3147363,1078595,6264540,5.26,6.611,-3.441,11.054,14.665,2550259,1169744,166737,897631,105376,1086935,546966,284077,98477,533804,1.883,0.615,0.594,0.502,0.172,0.407,0.187,0.027,0.143,0.017,0.174,0.087,0.045,0.016,0.085,0.327,0.315,0.267,0.091,0.686,0.314,0.143,0.767,0.09,0.426,0.214,0.111,0.039,0.209
1991:Q3,11642461,3787008,3752280,3062723,1040450,6205937,4.384,3.28,-3.295,13.686,9.955,2575129,1177151,166295,904710,106145,1071876,560109,291506,99420,552218,1.876,0.61,0.605,0.494,0.168,0.415,0.19,0.027,0.146,0.017,0.173,0.09,0.047,0.016,0.089,0.325,0.322,0.263,0.089,0.686,0.314,0.141,0.769,0.09,0.416,0.218,0.113,0.039,0.214
1991:Q2,11516232,3756206,3783444,2961398,1015185,6126862,5.053,6.059,-0.013,10.003,6.196,2589657,1193787,166816,920884,106088,1051467,569410,298469,108000,562311,1.88,0.613,0.618,0.483,0.166,0.423,0.195,0.027,0.15,0.017,0.172,0.093,0.049,0.018,0.092,0.326,0.329,0.257,0.088,0.684,0.316,0.14,0.771,0.089,0.406,0.22,0.115,0.042,0.217
1991:Q1,11372568,3700153,3783571,2889145,999699,6035178,3.936,6.12,-1.632,8.249,4.974,2589791,1193780,167539,920592,105648,1027331,584175,298714,110555,569016,1.884,0.613,0.627,0.479,0.166,0.429,0.198,0.028,0.153,0.018,0.17,0.097,0.049,0.018,0.094,0.325,0.333,0.254,0.088,0.684,0.316,0.14,0.771,0.088,0.397,0.226,0.115,0.043,0.22
1990:Q4,11268606,3644394,3806022,2830770,987420,6004733,5.71,5.848,1.779,11.161,5.085,2608065,1197957,166680,924888,106389,1008167,598122,292447,116852,592477,1.877,0.607,0.634,0.471,0.164,0.434,0.2,0.028,0.154,0.018,0.168,0.1,0.049,0.019,0.099,0.323,0.338,0.251,0.088,0.685,0.315,0.139,0.772,0.089,0.387,0.229,0.112,0.045,0.227
1990:Q3,11110004,3591879,3789171,2753929,975024,6015116,5.703,5.88,2.767,10.769,2.44,2587642,1201529,165631,929284,106615,991867,601355,291617,123191,579612,1.847,0.597,0.63,0.458,0.162,0.43,0.2,0.028,0.154,0.018,0.165,0.1,0.048,0.02,0.096,0.323,0.341,0.248,0.088,0.683,0.317,0.138,0.773,0.089,0.383,0.232,0.113,0.048,0.224
1990:Q2,10953823,3539839,3763141,2681731,969112,5960028,6.363,7.135,3.871,9.634,4.317,2561351,1201790,165121,930412,106257,984418,605348,287321,116594,567670,1.838,0.594,0.631,0.45,0.163,0.43,0.202,0.028,0.156,0.018,0.165,0.102,0.048,0.02,0.095,0.323,0.344,0.245,0.088,0.681,0.319,0.137,0.774,0.088,0.384,0.236,0.112,0.046,0.222
1990:Q1,10783604,3477808,3728371,2618661,958764,5872701,7.783,7.647,5.881,10.686,7.827,2524651,1203720,164488,931544,107688,967962,603107,284488,117583,551511,1.836,0.592,0.635,0.446,0.163,0.43,0.205,0.028,0.159,0.018,0.165,0.103,0.048,0.02,0.094,0.323,0.346,0.243,0.089,0.677,0.323,0.137,0.774,0.089,0.383,0.239,0.113,0.047,0.218
1989:Q4,10549688,3383950,3674853,2550522,940363,5747237,7.792,10.83,4.705,8.079,8.205,2476971,1197882,162723,929594,105565,961079,608345,268278,107112,532157,1.836,0.589,0.639,0.444,0.164,0.431,0.208,0.028,0.162,0.018,0.167,0.106,0.047,0.019,0.093,0.321,0.348,0.242,0.089,0.674,0.326,0.136,0.776,0.088,0.388,0.246,0.108,0.043,0.215
1989:Q3,10348096,3312156,3614451,2500028,921461,5695365,6.675,8.881,4.503,7.45,5.265,2427745,1186707,159566,922950,104191,939038,590552,276677,105927,515551,1.817,0.582,0.635,0.439,0.162,0.426,0.208,0.028,0.162,0.018,0.165,0.104,0.049,0.019,0.091,0.32,0.349,0.242,0.089,0.672,0.328,0.134,0.778,0.088,0.387,0.243,0.114,0.044,0.212
1989:Q2,10178238,3240216,3574216,2454316,909489,5612463,7.712,9.443,8.22,6.156,3.827,2398946,1175270,156336,913665,105270,923201,584475,275122,100163,515985,1.814,0.577,0.637,0.437,0.162,0.427,0.209,0.028,0.163,0.019,0.164,0.104,0.049,0.018,0.092,0.318,0.351,0.241,0.089,0.671,0.329,0.133,0.777,0.09,0.385,0.244,0.115,0.042,0.215
1989:Q1,9985715,3165488,3502241,2417116,900870,5511253,6.993,7.036,7.147,8.018,3.53,2339520,1162722,153119,905411,104192,901803,573478,273235,89602,501402,1.812,0.574,0.635,0.439,0.163,0.424,0.211,0.028,0.164,0.019,0.164,0.104,0.05,0.016,0.091,0.317,0.351,0.242,0.09,0.668,0.332,0.132,0.779,0.09,0.385,0.245,0.117,0.038,0.214
1988:Q4,9797370,3100556,3434210,2369615,892989,5399509,8.513,8.402,9.427,7.684,7.608,2284954,1149256,149960,898139,101157,887232,568300,260586,85676,483160,1.814,0.574,0.636,0.439,0.165,0.423,0.213,0.028,0.166,0.019,0.164,0.105,0.048,0.016,0.089,0.316,0.351,0.242,0.091,0.665,0.335,0.13,0.781,0.088,0.388,0.249,0.114,0.037,0.211
1988:Q3,9585855,3036771,3347810,2324952,876322,5282835,9.014,9.817,9.722,8.313,5.416,2214424,1133386,147501,879182,106704,865654,551896,250531,74551,471792,1.815,0.575,0.634,0.44,0.166,0.419,0.215,0.028,0.166,0.02,0.164,0.104,0.047,0.014,0.089,0.317,0.349,0.243,0.091,0.661,0.339,0.13,0.776,0.094,0.391,0.249,0.113,0.034,0.213
1988:Q2,9390753,2966415,3282106,2277616,864616,5190036,9.116,10.081,9.777,8.233,5.664,2173077,1109029,145620,859790,103620,840675,547099,254374,70254,460675,1.809,0.572,0.632,0.439,0.167,0.419,0.214,0.028,0.166,0.02,0.162,0.105,0.049,0.014,0.089,0.316,0.35,0.243,0.092,0.662,0.338,0.131,0.775,0.093,0.387,0.252,0.117,0.032,0.212
1988:Q1,9181511,2893489,3203798,2231681,852543,5073372,8.99,9.278,9.759,9.161,4.732,2117933,1085865,143680,840084,102100,809612,532778,253348,68369,453826,1.81,0.57,0.631,0.44,0.168,0.417,0.214,0.028,0.166,0.02,0.16,0.105,0.05,0.013,0.089,0.315,0.349,0.243,0.093,0.661,0.339,0.132,0.774,0.094,0.382,0.252,0.12,0.032,0.214
1987:Q4,8974779,2817489,3133000,2181714,842576,5007994,8.489,7.14,8.724,9.256,10.178,2068137,1064863,140669,822733,101461,784115,525461,249156,73768,435637,1.792,0.563,0.626,0.436,0.168,0.413,0.213,0.028,0.164,0.02,0.157,0.105,0.05,0.015,0.087,0.314,0.349,0.243,0.094,0.66,0.34,0.132,0.773,0.095,0.379,0.254,0.12,0.036,0.211
1987:Q3,8787474,2774558,3058875,2132373,821668,4884555,8.793,10.525,8.937,5.883,10.041,2014616,1044259,138548,811442,94269,768763,520430,240962,65072,419389,1.799,0.568,0.626,0.437,0.168,0.412,0.214,0.028,0.166,0.019,0.157,0.107,0.049,0.013,0.086,0.316,0.348,0.243,0.094,0.659,0.341,0.133,0.777,0.09,0.382,0.258,0.12,0.032,0.208
1987:Q2,8601877,2706834,2992027,2101468,801548,4806160,10.088,12.642,7.44,11.202,8.559,1961310,1030717,135824,801139,93754,748212,511331,230803,63064,407900,1.79,0.563,0.623,0.437,0.167,0.408,0.214,0.028,0.167,0.02,0.156,0.106,0.048,0.013,0.085,0.315,0.348,0.244,0.093,0.656,0.344,0.132,0.777,0.091,0.381,0.261,0.118,0.032,0.208
1987:Q1,8394174,2626617,2938579,2044222,784756,4722156,7.615,7.26,5.604,7.307,17.351,1919733,1018847,133571,791904,93371,730491,510680,219798,61834,396930,1.778,0.556,0.622,0.433,0.166,0.407,0.216,0.028,0.168,0.02,0.155,0.108,0.047,0.013,0.084,0.313,0.35,0.244,0.093,0.653,0.347,0.131,0.777,0.092,0.381,0.266,0.114,0.032,0.207
1986:Q4,8227080,2592292,2875111,2007547,752130,4657627,12.127,12.449,11.783,11.874,13.009,1874916,1000195,131977,775197,93021,705350,520589,188084,62865,398028,1.766,0.557,0.617,0.431,0.161,0.403,0.215,0.028,0.166,0.02,0.151,0.112,0.04,0.013,0.085,0.315,0.349,0.244,0.091,0.652,0.348,0.132,0.775,0.093,0.376,0.278,0.1,0.034,0.212
1986:Q3,7985000,2514174,2792715,1949671,728439,4607669,11.934,12.861,11.26,13.575,7.016,1804924,987791,131302,762792,93697,681794,480697,184504,71136,386793,1.733,0.546,0.606,0.423,0.158,0.392,0.214,0.028,0.166,0.02,0.148,0.104,0.04,0.015,0.084,0.315,0.35,0.244,0.091,0.646,0.354,0.133,0.772,0.095,0.378,0.266,0.102,0.039,0.214
1986:Q2,7754149,2436340,2716250,1885675,715883,4545340,12.588,8.965,11.291,16.409,20.132,1744299,971951,131351,745873,94728,653462,474121,179039,64902,372775,1.706,0.536,0.598,0.415,0.157,0.384,0.214,0.029,0.164,0.021,0.144,0.104,0.039,0.014,0.082,0.314,0.35,0.243,0.092,0.642,0.358,0.135,0.767,0.097,0.375,0.272,0.103,0.037,0.214
1986:Q1,7519478,2383881,2642651,1811367,681579,4507894,9.373,9.374,10.019,11.203,2.152,1689814,952837,132222,726218,94397,614192,465767,175012,68753,366090,1.668,0.529,0.586,0.402,0.151,0.375,0.211,0.029,0.161,0.021,0.136,0.103,0.039,0.015,0.081,0.317,0.351,0.241,0.091,0.639,0.361,0.139,0.762,0.099,0.363,0.276,0.104,0.041,0.217
1985:Q4,7347807,2329784,2578078,1762014,677931,4444094,19.252,19.276,11.057,17.491,58.996,1645031,933047,131382,707816,93849,578234,454562,171833,72207,368195,1.653,0.524,0.58,0.396,0.153,0.37,0.21,0.03,0.159,0.021,0.13,0.102,0.039,0.016,0.083,0.317,0.351,0.24,0.092,0.638,0.362,0.141,0.759,0.101,0.352,0.276,0.104,0.044,0.224
1985:Q3,7008169,2223628,2506183,1688195,590163,4386773,12.811,15.085,8.863,14.733,15.754,1577993,928190,131533,699795,96862,554766,444034,166113,67905,345175,1.598,0.507,0.571,0.385,0.135,0.36,0.212,0.03,0.16,0.022,0.126,0.101,0.038,0.015,0.079,0.317,0.358,0.241,0.084,0.63,0.37,0.142,0.754,0.104,0.352,0.281,0.105,0.043,0.219
1985:Q2,6788255,2142819,2449412,1628224,567800,4294887,13.562,12.933,11.112,15.552,21.029,1534638,914774,131578,687188,96008,535693,431606,169040,65706,332593,1.581,0.499,0.57,0.379,0.132,0.357,0.213,0.031,0.16,0.022,0.125,0.1,0.039,0.015,0.077,0.316,0.361,0.24,0.084,0.627,0.373,0.144,0.751,0.105,0.349,0.281,0.11,0.043,0.217
1985:Q1,6568545,2078614,2383204,1567286,539440,4230168,15.13,15.409,11.349,18.932,20.097,1494737,888467,130853,661596,96018,513558,427321,166406,62353,325099,1.553,0.491,0.563,0.371,0.128,0.353,0.21,0.031,0.156,0.023,0.121,0.101,0.039,0.015,0.077,0.316,0.363,0.239,0.082,0.627,0.373,0.147,0.745,0.108,0.344,0.286,0.111,0.042,0.217
1984:Q4,6313465,1977678,2325696,1496457,513634,4148551,13.251,12.987,15.346,12.551,6.973,1463048,862648,129331,637510,95807,495058,412301,175692,58490,321507,1.522,0.477,0.561,0.361,0.124,0.353,0.208,0.031,0.154,0.023,0.119,0.099,0.042,0.014,0.077,0.313,0.368,0.237,0.081,0.629,0.371,0.15,0.739,0.111,0.338,0.282,0.12,0.04,0.22
1984:Q3,6111019,1915487,2239766,1450932,504834,4084250,13.659,9.672,14.258,17.641,14.949,1404907,834859,125102,613738,96019,477439,401661,174377,55733,295697,1.496,0.469,0.548,0.355,0.124,0.344,0.204,0.031,0.15,0.024,0.117,0.098,0.043,0.014,0.072,0.313,0.367,0.237,0.083,0.627,0.373,0.15,0.735,0.115,0.34,0.286,0.124,0.04,0.21
1984:Q2,5909233,1870264,2162678,1389644,486647,4009601,14.42,12.801,16.998,13.551,11.783,1356746,805932,120590,590806,94537,463644,394858,169904,48130,280210,1.474,0.466,0.539,0.347,0.121,0.338,0.201,0.03,0.147,0.024,0.116,0.098,0.042,0.012,0.07,0.316,0.366,0.235,0.082,0.627,0.373,0.15,0.733,0.117,0.342,0.291,0.125,0.035,0.207
1984:Q1,5704968,1813182,2074955,1344109,472722,3908054,14.783,12.866,14.356,19.777,10.074,1298680,776275,116412,565599,94264,455202,372101,163092,40668,267617,1.46,0.464,0.531,0.344,0.121,0.332,0.199,0.03,0.145,0.024,0.116,0.095,0.042,0.01,0.068,0.318,0.364,0.236,0.083,0.626,0.374,0.15,0.729,0.121,0.351,0.287,0.126,0.031,0.206
1983:Q4,5500650,1759608,1999153,1280780,461109,3794706,10.635,13.812,10.347,7.033,9.947,1250172,748981,111560,545258,92163,446980,353041,160334,36775,253042,1.45,0.464,0.527,0.338,0.122,0.329,0.197,0.029,0.144,0.024,0.118,0.093,0.042,0.01,0.067,0.32,0.363,0.233,0.084,0.625,0.375,0.149,0.728,0.123,0.358,0.282,0.128,0.029,0.202
1983:Q3,5358194,1700875,1948745,1258653,449921,3689179,12.212,11.733,10.366,17.03,8.754,1220530,728215,109398,527434,91382,442938,341446,155100,34459,246587,1.452,0.461,0.528,0.341,0.122,0.331,0.197,0.03,0.143,0.025,0.12,0.093,0.042,0.009,0.067,0.317,0.364,0.235,0.084,0.626,0.374,0.15,0.724,0.125,0.363,0.28,0.127,0.028,0.202
1983:Q2,5199459,1652404,1899517,1207253,440285,3578848,12.651,11.03,8.244,21.281,14.813,1188275,711242,109152,511736,90355,438317,331264,150141,33441,235112,1.453,0.462,0.531,0.337,0.123,0.332,0.199,0.03,0.143,0.025,0.122,0.093,0.042,0.009,0.066,0.318,0.365,0.232,0.085,0.626,0.374,0.153,0.719,0.127,0.369,0.279,0.126,0.028,0.198
1983:Q1,5040049,1608060,1861158,1146269,424562,3473413,10.917,7.548,6.107,24.139,10.429,1164599,696559,109504,497535,89520,427194,329102,145472,38688,224143,1.451,0.463,0.536,0.33,0.122,0.335,0.201,0.032,0.143,0.026,0.123,0.095,0.042,0.011,0.065,0.319,0.369,0.227,0.084,0.626,0.374,0.157,0.714,0.129,0.367,0.283,0.125,0.033,0.192
1982:Q4,4903404,1597908,1810693,1081029,413774,3402561,9.839,8.394,3.938,22.227,10.229,1133038,677655,109439,479636,88580,420997,324269,129239,37614,220919,1.441,0.47,0.532,0.318,0.122,0.333,0.199,0.032,0.141,0.026,0.124,0.095,0.038,0.011,0.065,0.326,0.369,0.22,0.084,0.626,0.374,0.161,0.708,0.131,0.372,0.286,0.114,0.033,0.195
1982:Q3,4787845,1567309,1792956,1024123,403457,3366322,11.051,4.084,10.615,23.604,9.843,1127911,665045,110824,465341,88880,411321,321371,131499,42634,221086,1.422,0.466,0.533,0.304,0.12,0.335,0.198,0.033,0.138,0.026,0.122,0.095,0.039,0.013,0.066,0.327,0.374,0.214,0.084,0.629,0.371,0.167,0.7,0.134,0.365,0.285,0.117,0.038,0.196
1982:Q2,4674532,1564484,1749224,967057,393767,3331972,8.897,5.038,10.832,10.714,11.395,1101121,648103,112947,447392,87763,403341,302885,138321,45469,211105,1.403,0.47,0.525,0.29,0.118,0.33,0.195,0.034,0.134,0.026,0.121,0.091,0.042,0.014,0.063,0.335,0.374,0.207,0.084,0.629,0.371,0.174,0.69,0.135,0.366,0.275,0.126,0.041,0.192
1982:Q1,4572815,1545023,1703103,941829,382860,3274302,9.446,4.58,10.365,15.058,11.618,1070928,632175,115148,430697,86330,398241,280248,141846,45954,204639,1.397,0.472,0.52,0.288,0.117,0.327,0.193,0.035,0.132,0.026,0.122,0.086,0.043,0.014,0.062,0.338,0.372,0.206,0.084,0.629,0.371,0.182,0.681,0.137,0.372,0.262,0.132,0.043,0.191
1981:Q4,4467729,1526567,1661450,907658,372054,3280818,9.857,6.118,11.271,14.084,8.781,1041673,619777,115997,418465,85315,390331,264405,143284,42722,200931,1.362,0.465,0.506,0.277,0.113,0.318,0.189,0.035,0.128,0.026,0.119,0.081,0.044,0.013,0.061,0.342,0.372,0.203,0.083,0.627,0.373,0.187,0.675,0.138,0.375,0.254,0.138,0.041,0.193
1981:Q3,4360408,1498895,1620662,876789,364062,3260609,9.353,6.511,13.09,7.474,9.196,1017401,603261,113625,405446,84190,383712,258267,148374,37514,189534,1.337,0.46,0.497,0.269,0.112,0.312,0.185,0.035,0.124,0.026,0.118,0.079,0.046,0.012,0.058,0.344,0.372,0.201,0.083,0.628,0.372,0.188,0.672,0.14,0.377,0.254,0.146,0.037,0.186
1981:Q2,4260780,1474888,1569305,860707,355880,3162532,10.863,9.023,15.129,8.709,5.225,979523,589782,110378,397220,82184,379240,246059,142976,31960,179288,1.347,0.466,0.496,0.272,0.113,0.31,0.186,0.035,0.126,0.026,0.12,0.078,0.045,0.01,0.057,0.346,0.368,0.202,0.084,0.624,0.376,0.187,0.674,0.139,0.387,0.251,0.146,0.033,0.183
1981:Q1,4148097,1442353,1512087,842366,351291,3124206,9.339,6.239,9.602,14.864,7.963,938279,573808,106925,388119,78765,371608,231746,137007,28157,169761,1.328,0.462,0.484,0.27,0.112,0.3,0.184,0.034,0.124,0.025,0.119,0.074,0.044,0.009,0.054,0.348,0.365,0.203,0.085,0.621,0.379,0.186,0.676,0.137,0.396,0.247,0.146,0.03,0.181
1980:Q4,4054534,1420202,1477714,812184,344434,2985557,11.008,11.275,12.032,10.529,6.697,922653,555061,104594,376266,74201,365570,232227,136230,28026,160600,1.358,0.476,0.495,0.272,0.115,0.309,0.186,0.035,0.126,0.025,0.122,0.078,0.046,0.009,0.054,0.35,0.364,0.2,0.085,0.624,0.376,0.188,0.678,0.134,0.396,0.252,0.148,0.03,0.174
1980:Q3,3945930,1381267,1434546,791355,338762,2856483,8.919,8.646,7.699,12.508,6.921,895743,538803,102329,365346,71128,362374,216315,135803,25635,155616,1.381,0.484,0.502,0.277,0.119,0.314,0.189,0.036,0.128,0.025,0.127,0.076,0.048,0.009,0.054,0.35,0.364,0.201,0.086,0.624,0.376,0.19,0.678,0.132,0.405,0.241,0.152,0.029,0.174
1980:Q2,3859836,1352044,1407433,767360,333000,2797352,7.231,4.011,6.373,15.065,6.34,883826,523607,101827,352576,69204,355030,207038,138683,30447,152628,1.38,0.483,0.503,0.274,0.119,0.316,0.187,0.036,0.126,0.025,0.127,0.074,0.05,0.011,0.055,0.35,0.365,0.199,0.086,0.628,0.372,0.194,0.673,0.132,0.402,0.234,0.157,0.034,0.173
1980:Q1,3792721,1338621,1386787,739509,327804,2789842,9.918,9.91,11.947,7.493,6.937,876732,510055,102596,339372,68087,343860,213812,143818,27315,147927,1.359,0.48,0.497,0.265,0.117,0.314,0.183,0.037,0.122,0.024,0.123,0.077,0.052,0.01,0.053,0.353,0.366,0.195,0.086,0.632,0.368,0.201,0.665,0.133,0.392,0.244,0.164,0.031,0.169
1979:Q4,3692020,1296909,1346986,725909,322216,2723883,10.288,12.854,10.793,6.243,7.155,854970,492016,101694,326101,64222,337915,205212,145939,24518,141386,1.355,0.476,0.495,0.266,0.118,0.314,0.181,0.037,0.12,0.024,0.124,0.075,0.054,0.009,0.052,0.351,0.365,0.197,0.087,0.635,0.365,0.207,0.663,0.131,0.395,0.24,0.171,0.029,0.165
1979:Q3,3599118,1255582,1312227,714755,316554,2667565,13.131,14.595,13.329,12.129,8.834,837011,475216,98100,316502,60614,334133,199152,148319,20944,134463,1.349,0.471,0.492,0.268,0.119,0.314,0.178,0.037,0.119,0.023,0.125,0.075,0.056,0.008,0.05,0.349,0.365,0.199,0.088,0.638,0.362,0.206,0.666,0.128,0.399,0.238,0.177,0.025,0.161
1979:Q2,3484724,1211382,1269909,693719,309714,2591247,12.001,14.091,14.711,5.049,8.691,814993,454916,93987,302432,58497,330267,190434,147593,18063,128636,1.345,0.467,0.49,0.268,0.12,0.315,0.176,0.036,0.117,0.023,0.127,0.073,0.057,0.007,0.05,0.348,0.364,0.199,0.089,0.642,0.358,0.207,0.665,0.129,0.405,0.234,0.181,0.022,0.158
1979:Q1,3383292,1170230,1224863,685071,303128,2526610,10.853,14.813,12.497,1.731,10.185,793363,431500,89875,287333,54292,324975,183350,147202,16201,121635,1.339,0.463,0.485,0.271,0.12,0.314,0.171,0.036,0.114,0.021,0.129,0.073,0.058,0.006,0.048,0.346,0.362,0.202,0.09,0.648,0.352,0.208,0.666,0.126,0.41,0.231,0.186,0.02,0.153
1978:Q4,3293544,1128024,1187801,682118,295601,2476949,12.203,14.988,12.52,5.587,15.903,769595,418206,85961,280351,51893,320607,174642,143757,15499,115090,1.33,0.455,0.48,0.275,0.119,0.311,0.169,0.035,0.113,0.021,0.129,0.071,0.058,0.006,0.046,0.342,0.361,0.207,0.09,0.648,0.352,0.206,0.67,0.124,0.417,0.227,0.187,0.02,0.15
1978:Q3,3197670,1088868,1151781,672723,284298,2395053,13.456,16.002,11.059,13.384,13.702,749174,402607,81907,271396,49304,315522,170049,141930,12914,108759,1.335,0.455,0.481,0.281,0.119,0.313,0.168,0.034,0.113,0.021,0.132,0.071,0.059,0.005,0.045,0.341,0.36,0.21,0.089,0.65,0.35,0.203,0.674,0.122,0.421,0.227,0.189,0.017,0.145
1978:Q2,3093600,1046982,1120793,650943,274882,2331633,13.734,17.618,12.969,8.688,14.292,734508,386285,77458,262486,46341,310353,169901,138647,12575,103032,1.327,0.449,0.481,0.279,0.118,0.315,0.166,0.033,0.113,0.02,0.133,0.073,0.059,0.005,0.044,0.338,0.362,0.21,0.089,0.655,0.345,0.201,0.68,0.12,0.423,0.231,0.189,0.017,0.14
1978:Q1,2990911,1002813,1085594,637105,265399,2202760,13.24,15.293,13.39,9.316,14.419,714458,371136,73416,254235,43485,303936,166206,134129,12634,97553,1.358,0.455,0.493,0.289,0.12,0.324,0.168,0.033,0.115,0.02,0.138,0.075,0.061,0.006,0.044,0.335,0.363,0.213,0.089,0.658,0.342,0.198,0.685,0.117,0.425,0.233,0.188,0.018,0.137
1977:Q4,2899617,966509,1054337,622606,256165,2164270,12.717,15.197,13.523,9.859,7.172,694526,359811,70439,247987,41385,299491,155505,131042,12808,95680,1.34,0.447,0.487,0.288,0.118,0.321,0.166,0.033,0.115,0.019,0.138,0.072,0.061,0.006,0.044,0.333,0.364,0.215,0.088,0.659,0.341,0.196,0.689,0.115,0.431,0.224,0.189,0.018,0.138
1977:Q3,2810271,931229,1019761,607628,251653,2118473,13.624,14.833,10.904,18.672,8.287,670292,349469,68359,241151,39960,291816,152439,125144,11771,89122,1.327,0.44,0.481,0.287,0.119,0.316,0.165,0.032,0.114,0.019,0.138,0.072,0.059,0.006,0.042,0.331,0.363,0.216,0.09,0.657,0.343,0.196,0.69,0.114,0.435,0.227,0.187,0.018,0.133
1977:Q2,2717707,897932,992701,580529,246545,2055909,11.242,15.316,11.116,5.678,10.342,653198,339503,66364,234407,38731,285712,149811,120910,11631,85134,1.322,0.437,0.483,0.282,0.12,0.318,0.165,0.032,0.114,0.019,0.139,0.073,0.059,0.006,0.041,0.33,0.365,0.214,0.091,0.658,0.342,0.195,0.69,0.114,0.437,0.229,0.185,0.018,0.13
1977:Q1,2643297,864819,965743,572404,240331,1988648,11.263,13.789,11.451,9.071,6.803,637655,328088,64106,226212,37770,282016,146885,118078,11232,79444,1.329,0.435,0.486,0.288,0.121,0.321,0.165,0.032,0.114,0.019,0.142,0.074,0.059,0.006,0.04,0.327,0.365,0.217,0.091,0.66,0.34,0.195,0.689,0.115,0.442,0.23,0.185,0.018,0.125
1976:Q4,2571117,836261,937314,559712,237830,1934273,10.174,13.839,8.879,9.368,4.505,620232,317082,62117,220013,34953,276614,141923,116892,11049,73754,1.329,0.432,0.485,0.289,0.123,0.321,0.164,0.032,0.114,0.018,0.143,0.073,0.06,0.006,0.038,0.325,0.365,0.218,0.093,0.662,0.338,0.196,0.694,0.11,0.446,0.229,0.188,0.018,0.119
1976:Q3,2507334,808296,916954,546903,235181,1886558,10.081,10.193,8.513,14.142,6.511,607139,309815,60416,215553,33847,270908,142312,114592,9899,69428,1.329,0.428,0.486,0.29,0.125,0.322,0.164,0.032,0.114,0.018,0.144,0.075,0.061,0.005,0.037,0.322,0.366,0.218,0.094,0.662,0.338,0.195,0.696,0.109,0.446,0.234,0.189,0.016,0.114
1976:Q2,2445670,788211,897818,528227,231414,1852332,11.159,10.715,7.789,17.598,11.386,595308,302510,59230,211126,32154,265211,141508,111806,10994,65789,1.32,0.426,0.485,0.285,0.125,0.321,0.163,0.032,0.114,0.017,0.143,0.076,0.06,0.006,0.036,0.322,0.367,0.216,0.095,0.663,0.337,0.196,0.698,0.106,0.446,0.238,0.188,0.018,0.111
1976:Q1,2379292,767648,880669,505967,225009,1820487,10.557,10.391,7.437,16.497,10.303,584720,295949,57957,206832,31160,260254,141696,109330,10286,63154,1.307,0.422,0.484,0.278,0.124,0.321,0.163,0.032,0.114,0.017,0.143,0.078,0.06,0.006,0.035,0.323,0.37,0.213,0.095,0.664,0.336,0.196,0.699,0.105,0.445,0.242,0.187,0.018,0.108
1975:Q4,2320336,747477,867574,485926,219359,1761831,10.194,12.934,3.552,18.369,9.864,579973,287601,56659,200956,29985,253783,146873,109455,9616,60246,1.317,0.424,0.492,0.276,0.125,0.329,0.163,0.032,0.114,0.017,0.144,0.083,0.062,0.005,0.034,0.322,0.374,0.209,0.095,0.668,0.332,0.197,0.699,0.104,0.438,0.253,0.189,0.017,0.104
1975:Q3,2262670,724107,859892,464591,214080,1709820,9.006,9.035,3.958,21.761,2.692,576390,283502,55599,199138,28764,247958,149792,108190,11112,59338,1.323,0.423,0.503,0.272,0.125,0.337,0.166,0.033,0.116,0.017,0.145,0.088,0.063,0.006,0.035,0.32,0.38,0.205,0.095,0.67,0.33,0.196,0.702,0.101,0.43,0.26,0.188,0.019,0.103
1975:Q2,2213098,708396,851434,440620,212649,1651853,9.052,6.186,3.873,27.003,4.135,572336,279098,54780,196561,27757,244281,152925,106566,11157,57407,1.34,0.429,0.515,0.267,0.129,0.346,0.169,0.033,0.119,0.017,0.148,0.093,0.065,0.007,0.035,0.32,0.385,0.199,0.096,0.672,0.328,0.196,0.704,0.099,0.427,0.267,0.186,0.019,0.1
1975:Q1,2166769,700265,843275,412756,210473,1616116,7.011,5.017,4.898,16.326,4.342,570308,272967,54321,192097,26549,236009,158952,105478,13539,56330,1.341,0.433,0.522,0.255,0.13,0.353,0.169,0.034,0.119,0.016,0.146,0.098,0.065,0.008,0.035,0.323,0.389,0.19,0.097,0.676,0.324,0.199,0.704,0.097,0.414,0.279,0.185,0.024,0.099
1974:Q4,2128604,691472,832462,396457,208213,1599679,7.568,7.534,9.096,6.379,3.903,565213,267249,53190,188132,25928,226579,164975,105318,12513,55828,1.331,0.432,0.52,0.248,0.13,0.353,0.167,0.033,0.118,0.016,0.142,0.103,0.066,0.008,0.035,0.325,0.391,0.186,0.098,0.679,0.321,0.199,0.704,0.097,0.401,0.292,0.186,0.022,0.099
1974:Q3,2089371,678869,814067,390234,206201,1560026,9.116,8.821,12.014,4.77,7.045,553775,260292,51876,183402,25013,220192,162898,106163,12070,52452,1.339,0.435,0.522,0.25,0.132,0.355,0.167,0.033,0.118,0.016,0.141,0.104,0.068,0.008,0.034,0.325,0.39,0.187,0.099,0.68,0.32,0.199,0.705,0.096,0.398,0.294,0.192,0.022,0.095
1974:Q2,2043125,664222,790636,385635,202632,1530056,10.356,9.33,15.376,3.881,6.928,540475,250161,50303,175975,23883,216000,156353,108928,9721,49473,1.335,0.434,0.517,0.252,0.132,0.353,0.163,0.033,0.115,0.016,0.141,0.102,0.071,0.006,0.032,0.325,0.387,0.189,0.099,0.684,0.316,0.201,0.703,0.095,0.4,0.289,0.202,0.018,0.092
1974:Q1,1991562,649082,761369,381929,199182,1491209,8.581,7.794,13.535,0.105,9.042,522205,239164,48051,167824,23289,210614,147091,108328,8930,47242,1.336,0.435,0.511,0.256,0.134,0.35,0.16,0.032,0.113,0.016,0.141,0.099,0.073,0.006,0.032,0.326,0.382,0.192,0.1,0.686,0.314,0.201,0.702,0.097,0.403,0.282,0.207,0.017,0.09
1973:Q4,1949734,636677,736449,381829,194779,1476289,8.654,10.252,10.168,2.907,9.174,506308,230141,44887,162906,22349,206909,140013,106288,8382,44716,1.321,0.431,0.499,0.259,0.132,0.343,0.156,0.03,0.11,0.015,0.14,0.095,0.072,0.006,0.03,0.327,0.378,0.196,0.1,0.687,0.313,0.195,0.708,0.097,0.409,0.277,0.21,0.017,0.088
1973:Q3,1908444,620766,718192,379074,190412,1433838,9.529,10.722,14.647,-0.626,7.327,489087,229105,40710,166518,21877,204906,139685,95276,5971,43249,1.331,0.433,0.501,0.264,0.133,0.341,0.16,0.028,0.116,0.015,0.143,0.097,0.066,0.004,0.03,0.325,0.376,0.199,0.1,0.681,0.319,0.178,0.727,0.095,0.419,0.286,0.195,0.012,0.088
1973:Q2,1864038,604561,692822,379668,186987,1413887,9.992,9.508,16.318,1.567,5.979,468861,223961,35636,166920,21404,202249,136577,84357,5981,39697,1.318,0.428,0.49,0.269,0.132,0.332,0.158,0.025,0.118,0.015,0.143,0.097,0.06,0.004,0.028,0.324,0.372,0.204,0.1,0.677,0.323,0.159,0.745,0.096,0.431,0.291,0.18,0.013,0.085
1973:Q1,1818610,590524,665666,378186,184233,1377490,12.228,12.716,16.773,5.833,7.798,452639,213027,30766,161240,21021,199202,132900,77657,5716,37164,1.32,0.429,0.483,0.275,0.134,0.329,0.155,0.022,0.117,0.015,0.145,0.096,0.056,0.004,0.027,0.325,0.366,0.208,0.101,0.68,0.32,0.144,0.757,0.099,0.44,0.294,0.172,0.013,0.082
1972:Q4,1764103,571267,639376,372750,180710,1328904,12.081,13.406,13.84,9.383,7.367,436826,202550,27222,156321,19007,197750,121936,75324,6968,34848,1.327,0.43,0.481,0.28,0.136,0.329,0.152,0.02,0.118,0.014,0.149,0.092,0.057,0.005,0.026,0.324,0.362,0.211,0.102,0.683,0.317,0.134,0.772,0.094,0.453,0.279,0.172,0.016,0.08
1972:Q3,1712122,553150,617322,364207,177442,1290566,9.263,9.661,11.06,6.715,7.073,424647,192675,25902,148144,18629,195187,116893,72356,7469,32742,1.327,0.429,0.478,0.282,0.137,0.329,0.149,0.02,0.115,0.014,0.151,0.091,0.056,0.006,0.025,0.323,0.361,0.213,0.104,0.688,0.312,0.134,0.769,0.097,0.46,0.275,0.17,0.018,0.077
1972:Q2,1673365,540105,600707,358194,174359,1266369,9.416,11.566,12.491,2.16,7.455,415262,185445,25983,141094,18368,192150,112646,70366,8220,31880,1.321,0.426,0.474,0.283,0.138,0.328,0.146,0.021,0.111,0.015,0.152,0.089,0.056,0.006,0.025,0.323,0.359,0.214,0.104,0.691,0.309,0.14,0.761,0.099,0.463,0.271,0.169,0.02,0.077
1972:Q1,1634978,524678,582862,356270,171169,1230609,8.948,10.457,11.624,1.72,10.608,406919,175943,24960,132687,18297,188338,111029,68741,7509,31302,1.329,0.426,0.474,0.29,0.139,0.331,0.143,0.02,0.108,0.015,0.153,0.09,0.056,0.006,0.025,0.321,0.356,0.218,0.105,0.698,0.302,0.142,0.754,0.104,0.463,0.273,0.169,0.018,0.077
1971:Q4,1599204,511310,566402,354745,166747,1190297,9.79,12.4,8.24,8.377,10.136,395240,171162,24461,128891,17809,185563,107678,65616,6247,30136,1.344,0.43,0.476,0.298,0.14,0.332,0.144,0.021,0.108,0.015,0.156,0.09,0.055,0.005,0.025,0.32,0.354,0.222,0.104,0.698,0.302,0.143,0.753,0.104,0.469,0.272,0.166,0.016,0.076
1971:Q3,1560849,496024,554731,347468,162626,1177675,9.693,8.893,10.491,9.674,9.457,389647,165084,23517,124028,17540,181204,107851,63574,6384,30634,1.325,0.421,0.471,0.295,0.138,0.331,0.14,0.02,0.105,0.015,0.154,0.092,0.054,0.005,0.026,0.318,0.355,0.223,0.104,0.702,0.298,0.142,0.751,0.106,0.465,0.277,0.163,0.016,0.079
1971:Q2,1523922,485236,540553,339263,158870,1156271,10.587,8.043,11.58,12.574,10.809,380940,159613,23502,118554,17556,177621,104436,62638,6246,29999,1.318,0.42,0.467,0.293,0.137,0.329,0.138,0.02,0.103,0.015,0.154,0.09,0.054,0.005,0.026,0.318,0.355,0.223,0.104,0.705,0.295,0.147,0.743,0.11,0.466,0.274,0.164,0.016,0.079
1971:Q1,1484628,475671,525344,328923,154690,1135156,7.372,7.285,9.42,2.319,11.637,372796,152548,22865,112435,17249,172222,102850,61487,7677,28560,1.308,0.419,0.463,0.29,0.136,0.328,0.134,0.02,0.099,0.015,0.152,0.091,0.054,0.007,0.025,0.32,0.354,0.222,0.104,0.71,0.29,0.15,0.737,0.113,0.462,0.276,0.165,0.021,0.077
1970:Q4,1458429,467163,513922,327027,150317,1088608,7.387,6.799,8.639,4.25,11.881,365365,148557,22287,109636,16635,166756,102658,60308,7133,28510,1.34,0.429,0.472,0.3,0.138,0.336,0.136,0.02,0.101,0.015,0.153,0.094,0.055,0.007,0.026,0.32,0.352,0.224,0.103,0.711,0.289,0.15,0.738,0.112,0.456,0.281,0.165,0.02,0.078
1970:Q3,1431689,459355,502764,323589,145981,1086059,7.474,4.8,9.76,8.116,6.706,358703,144061,22142,105704,16215,161157,101368,59019,6374,30785,1.318,0.423,0.463,0.298,0.134,0.33,0.133,0.02,0.097,0.015,0.148,0.093,0.054,0.006,0.028,0.321,0.351,0.226,0.102,0.713,0.287,0.154,0.734,0.113,0.449,0.283,0.165,0.018,0.086
1970:Q2,1404938,453908,490301,317154,143574,1067375,6.851,2.346,12.748,3.376,9.159,351039,139262,22178,101119,15965,155797,98174,57749,6258,33061,1.316,0.425,0.459,0.297,0.135,0.329,0.13,0.021,0.095,0.015,0.146,0.092,0.054,0.006,0.031,0.323,0.349,0.226,0.102,0.716,0.284,0.159,0.726,0.115,0.444,0.28,0.165,0.018,0.094
1970:Q1,1381280,451262,475158,314500,140360,1051200,4.811,1.726,9.05,2.453,6.084,340253,134905,21859,97384,15661,150069,96295,56891,6341,30657,1.314,0.429,0.452,0.299,0.134,0.324,0.128,0.021,0.093,0.015,0.143,0.092,0.054,0.006,0.029,0.327,0.344,0.228,0.102,0.716,0.284,0.162,0.722,0.116,0.441,0.283,0.167,0.019,0.09
1969:Q4,1366289,453272,462177,312583,138257,1038147,7.391,8.223,9.681,3.355,6.28,320272,141905,21874,104907,15124,147000,96543,43722,5356,27651,1.316,0.437,0.445,0.301,0.133,0.309,0.137,0.021,0.101,0.015,0.142,0.093,0.042,0.005,0.027,0.332,0.338,0.229,0.101,0.693,0.307,0.154,0.739,0.107,0.459,0.301,0.137,0.017,0.086
1969:Q3,1341131,443623,451405,309983,136120,1029956,7.043,4.885,11.443,3.394,8.064,313223,138182,21394,102116,14672,144467,94203,42950,5334,26269,1.302,0.431,0.438,0.301,0.132,0.304,0.134,0.021,0.099,0.014,0.14,0.091,0.042,0.005,0.026,0.331,0.337,0.231,0.101,0.694,0.306,0.155,0.739,0.106,0.461,0.301,0.137,0.017,0.084
1969:Q2,1317927,438271,438851,307375,133430,1009020,5.635,8.092,13.462,-10.106,10.128,304807,134044,20658,99044,14343,141743,92861,43143,4692,22368,1.306,0.434,0.435,0.305,0.132,0.302,0.133,0.02,0.098,0.014,0.14,0.092,0.043,0.005,0.022,0.333,0.333,0.233,0.101,0.695,0.305,0.154,0.739,0.107,0.465,0.305,0.142,0.015,0.073
1969:Q1,1299620,429581,424562,315342,130135,993337,6.608,4.535,10.818,1.43,12.718,295193,129369,19857,95516,13997,138462,89642,43568,4517,19004,1.308,0.432,0.427,0.317,0.131,0.297,0.13,0.02,0.096,0.014,0.139,0.09,0.044,0.005,0.019,0.331,0.327,0.243,0.1,0.695,0.305,0.153,0.738,0.108,0.469,0.304,0.148,0.015,0.064
1968:Q4,1280418,426692,413382,314219,126125,968030,8.659,11.156,11.794,0.742,10.189,286800,126582,19120,93888,13573,135025,86632,42599,4249,18295,1.323,0.441,0.427,0.325,0.13,0.296,0.131,0.02,0.097,0.014,0.139,0.089,0.044,0.004,0.019,0.333,0.323,0.245,0.099,0.694,0.306,0.151,0.742,0.107,0.471,0.302,0.149,0.015,0.064
1968:Q3,1253286,415114,401543,313637,122992,950825,8.175,7.078,10.6,7.248,6.39,278274,123269,18490,91518,13261,131563,82772,41559,4510,17870,1.318,0.437,0.422,0.33,0.129,0.293,0.13,0.019,0.096,0.014,0.138,0.087,0.044,0.005,0.019,0.331,0.32,0.25,0.098,0.693,0.307,0.15,0.742,0.108,0.473,0.297,0.149,0.016,0.064
1968:Q2,1228186,407896,391177,308055,121058,934344,7.966,10.052,11.541,1.388,6.521,270515,120662,18398,89129,13134,128262,80322,40954,3208,17769,1.314,0.437,0.419,0.33,0.13,0.29,0.129,0.02,0.095,0.014,0.137,0.086,0.044,0.003,0.019,0.332,0.318,0.251,0.099,0.692,0.308,0.152,0.739,0.109,0.474,0.297,0.151,0.012,0.066
1968:Q1,1204740,397674,380960,306990,119116,909387,4.645,-4.621,10.898,8.827,5.943,263713,117247,17773,86430,13044,124734,77781,40697,3159,17342,1.325,0.437,0.419,0.338,0.131,0.29,0.129,0.02,0.095,0.014,0.137,0.086,0.045,0.003,0.019,0.33,0.316,0.255,0.099,0.692,0.308,0.152,0.737,0.111,0.473,0.295,0.154,0.012,0.066
1967:Q4,1190912,402322,370856,300362,117372,881439,12.666,20.938,7.447,11.055,5.83,255245,115611,17657,85176,12779,122132,76269,37234,3034,16576,1.351,0.456,0.421,0.341,0.133,0.29,0.131,0.02,0.097,0.014,0.139,0.087,0.042,0.003,0.019,0.338,0.311,0.252,0.099,0.688,0.312,0.153,0.737,0.111,0.478,0.299,0.146,0.012,0.065
1967:Q3,1154358,382310,364078,292284,115686,865233,7.947,6.148,9.222,8.952,7.388,251640,112438,16992,83140,12306,118745,74595,38941,2906,16453,1.334,0.442,0.421,0.338,0.134,0.291,0.13,0.02,0.096,0.014,0.137,0.086,0.045,0.003,0.019,0.331,0.315,0.253,0.1,0.691,0.309,0.151,0.739,0.109,0.472,0.296,0.155,0.012,0.065
1967:Q2,1131870,376524,355873,285886,113588,848983,4.513,5.103,10.746,-4.865,7.52,246045,109828,16892,80769,12167,114236,73714,38646,3091,16358,1.333,0.444,0.419,0.337,0.134,0.29,0.129,0.02,0.095,0.014,0.135,0.087,0.046,0.004,0.019,0.333,0.314,0.253,0.1,0.691,0.309,0.154,0.735,0.111,0.464,0.3,0.157,0.013,0.066
1967:Q1,1119242,371781,346563,289406,111492,844170,6.025,3.815,9.871,4.621,5.256,239688,106875,16394,78441,12041,110617,71735,38277,2425,16634,1.326,0.44,0.411,0.343,0.132,0.284,0.127,0.019,0.093,0.014,0.131,0.085,0.045,0.003,0.02,0.332,0.31,0.259,0.1,0.692,0.308,0.153,0.734,0.113,0.462,0.299,0.16,0.01,0.069
1966:Q4,1102733,368393,338202,286101,110037,833302,6.15,5.481,7.739,5.386,5.521,232924,105278,16296,77361,11621,107474,69715,37691,1622,16422,1.323,0.442,0.406,0.343,0.132,0.28,0.126,0.02,0.093,0.014,0.129,0.084,0.045,0.002,0.02,0.334,0.307,0.259,0.1,0.689,0.311,0.155,0.735,0.11,0.461,0.299,0.162,0.007,0.071
1966:Q3,1086123,363413,331871,282300,108539,819638,4.879,4.149,9.883,-0.239,5.7,228547,103324,15456,76413,11455,105223,69646,36783,1178,15717,1.325,0.443,0.405,0.344,0.132,0.279,0.126,0.019,0.093,0.014,0.128,0.085,0.045,0.001,0.019,0.335,0.306,0.26,0.1,0.689,0.311,0.15,0.74,0.111,0.46,0.305,0.161,0.005,0.069
1966:Q2,1073034,359682,323869,282469,107014,804981,7.424,8.167,13.429,-0.416,8.127,222357,101512,15288,74938,11286,102790,66966,35819,771,16011,1.333,0.447,0.402,0.351,0.133,0.276,0.126,0.019,0.093,0.014,0.128,0.083,0.044,0.001,0.02,0.335,0.302,0.263,0.1,0.687,0.313,0.151,0.738,0.111,0.462,0.301,0.161,0.003,0.072
1966:Q1,1053481,352486,313349,282763,104883,795734,7.371,7.266,12.577,2.149,6.626,214562,98787,14587,72943,11256,100223,63528,34688,643,15480,1.324,0.443,0.394,0.355,0.132,0.27,0.124,0.018,0.092,0.014,0.126,0.08,0.044,0.001,0.019,0.335,0.297,0.268,0.1,0.685,0.315,0.148,0.738,0.114,0.467,0.296,0.162,0.003,0.072
1965:Q4,1034076,345863,303787,281252,103174,771857,8.3,9.435,10.201,5.457,6.745,208193,95594,14046,70853,10695,97260,61141,34101,797,14894,1.34,0.448,0.394,0.364,0.134,0.27,0.124,0.018,0.092,0.014,0.126,0.079,0.044,0.001,0.019,0.334,0.294,0.272,0.1,0.685,0.315,0.147,0.741,0.112,0.467,0.294,0.164,0.004,0.072
1965:Q3,1013004,337893,296181,277467,101463,749323,5.659,8.159,10.155,-2.729,7.838,202867,93314,13599,69263,10451,96634,58284,33139,706,14104,1.352,0.451,0.395,0.37,0.135,0.271,0.125,0.018,0.092,0.014,0.129,0.078,0.044,0.001,0.019,0.334,0.292,0.274,0.1,0.685,0.315,0.146,0.742,0.112,0.476,0.287,0.163,0.003,0.07
1965:Q2,998872,331138,288848,279373,99513,730191,6.942,8.956,10.612,0.264,8.783,197971,90877,13271,67288,10318,94941,55882,32608,700,13840,1.368,0.453,0.396,0.383,0.136,0.271,0.124,0.018,0.092,0.014,0.13,0.077,0.045,0.001,0.019,0.332,0.289,0.28,0.1,0.685,0.315,0.146,0.74,0.114,0.48,0.282,0.165,0.004,0.07
1965:Q1,981834,323887,281383,279189,97375,717790,6.87,8.522,10.49,1.265,7.325,193185,88198,12903,65087,10208,93342,53724,32181,746,13192,1.368,0.451,0.392,0.389,0.136,0.269,0.123,0.018,0.091,0.014,0.13,0.075,0.045,0.001,0.018,0.33,0.287,0.284,0.099,0.687,0.313,0.146,0.738,0.116,0.483,0.278,0.167,0.004,0.068
1964:Q4,965255,317130,274192,278309,95624,697319,7.704,10.085,9.833,3.227,6.954,187925,86267,12477,63886,9904,92408,50264,31443,1125,12685,1.384,0.455,0.393,0.399,0.137,0.269,0.124,0.018,0.092,0.014,0.133,0.072,0.045,0.002,0.018,0.329,0.284,0.288,0.099,0.685,0.315,0.145,0.741,0.115,0.492,0.267,0.167,0.006,0.068
1964:Q3,947190,309331,267787,276082,93990,692031,7.034,8.855,8.787,3.163,7.576,183446,84341,12309,62330,9703,91058,48697,30170,914,12607,1.369,0.447,0.387,0.399,0.136,0.265,0.122,0.018,0.09,0.014,0.132,0.07,0.044,0.001,0.018,0.327,0.283,0.291,0.099,0.685,0.315,0.146,0.739,0.115,0.496,0.265,0.164,0.005,0.069
1964:Q2,930822,302632,262031,273916,92243,678674,7.245,10.123,9.037,2.31,7.636,179977,82054,12073,60460,9521,90362,47208,29347,917,12143,1.372,0.446,0.386,0.404,0.136,0.265,0.121,0.018,0.089,0.014,0.133,0.07,0.043,0.001,0.018,0.325,0.282,0.294,0.099,0.687,0.313,0.147,0.737,0.116,0.502,0.262,0.163,0.005,0.067
1964:Q1,914262,295162,256242,272343,90515,669822,6.055,9.647,6.464,1.97,5.701,176586,79656,11860,58396,9400,89091,46209,28827,882,11577,1.365,0.441,0.383,0.407,0.135,0.264,0.119,0.018,0.087,0.014,0.133,0.069,0.043,0.001,0.017,0.323,0.28,0.298,0.099,0.689,0.311,0.149,0.733,0.118,0.505,0.262,0.163,0.005,0.066
1963:Q4,900618,288211,252156,271008,89243,653938,7.846,11.202,10.541,2.492,6.014,174184,77972,11731,57179,9063,88414,45623,28236,968,10943,1.377,0.441,0.386,0.414,0.136,0.266,0.119,0.018,0.087,0.014,0.135,0.07,0.043,0.001,0.017,0.32,0.28,0.301,0.099,0.691,0.309,0.15,0.733,0.116,0.508,0.262,0.162,0.006,0.063
1963:Q3,883320,280359,245710,269330,87921,644444,5.423,10.71,7.199,-1.412,5.138,170147,75563,11114,55671,8778,87225,44297,27162,976,10487,1.371,0.435,0.381,0.418,0.136,0.264,0.117,0.017,0.086,0.014,0.135,0.069,0.042,0.002,0.016,0.317,0.278,0.305,0.1,0.692,0.308,0.147,0.737,0.116,0.513,0.26,0.16,0.006,0.062
1963:Q2,871504,273048,241366,270284,86806,629752,7.584,11.322,7.954,3.353,8.22,167939,73427,10910,53879,8637,86695,43403,26527,1030,10284,1.384,0.434,0.383,0.429,0.138,0.267,0.117,0.017,0.086,0.014,0.138,0.069,0.042,0.002,0.016,0.313,0.277,0.31,0.1,0.696,0.304,0.149,0.734,0.118,0.516,0.258,0.158,0.006,0.061
1963:Q1,855287,265533,236659,268037,85058,621672,6.15,8.902,6.683,2.996,6.15,165589,71070,10602,51836,8632,85579,42848,25950,1158,10054,1.376,0.427,0.381,0.431,0.137,0.266,0.114,0.017,0.083,0.014,0.138,0.069,0.042,0.002,0.016,0.31,0.277,0.313,0.099,0.7,0.3,0.149,0.729,0.121,0.517,0.259,0.157,0.007,0.061
1962:Q4,842334,259752,232768,266044,83770,612280,8.347,10.217,9.476,5.733,7.804,163466,69302,10573,50491,8238,84643,42226,25563,1198,9836,1.376,0.424,0.38,0.435,0.137,0.267,0.113,0.017,0.082,0.013,0.138,0.069,0.042,0.002,0.016,0.308,0.276,0.316,0.099,0.702,0.298,0.153,0.729,0.119,0.518,0.258,0.156,0.007,0.06
1962:Q3,825118,253282,227384,262285,82167,609027,5.499,9.722,7.73,-0.524,5.989,160111,67273,10084,49059,8130,83558,41282,24489,1240,9542,1.355,0.416,0.373,0.431,0.135,0.263,0.11,0.017,0.081,0.013,0.137,0.068,0.04,0.002,0.016,0.307,0.276,0.318,0.1,0.704,0.296,0.15,0.729,0.121,0.522,0.258,0.153,0.008,0.06
1962:Q2,813930,247272,223073,262629,80955,600366,6.854,8.744,9.425,2.904,7.008,157690,65383,9847,47513,8023,82981,40189,23993,1124,9403,1.356,0.412,0.372,0.437,0.135,0.263,0.109,0.016,0.079,0.013,0.138,0.067,0.04,0.002,0.016,0.304,0.274,0.323,0.099,0.707,0.293,0.151,0.727,0.123,0.526,0.255,0.152,0.007,0.06
1962:Q1,800217,241983,217937,260736,79561,594013,5.893,6.863,6.019,3.966,8.975,154533,63404,9596,45796,8012,81437,39123,23576,1055,9342,1.347,0.407,0.367,0.439,0.134,0.26,0.107,0.016,0.077,0.013,0.137,0.066,0.04,0.002,0.016,0.302,0.272,0.326,0.099,0.709,0.291,0.151,0.722,0.126,0.527,0.253,0.153,0.007,0.06
1961:Q4,788596,237901,214704,258176,77815,580612,7.274,10.532,9.209,2.538,7.98,152987,61717,9459,44478,7780,80611,38585,23243,1094,9454,1.358,0.41,0.37,0.445,0.134,0.263,0.106,0.016,0.077,0.013,0.139,0.066,0.04,0.002,0.016,0.302,0.272,0.327,0.099,0.713,0.287,0.153,0.721,0.126,0.527,0.252,0.152,0.007,0.062
1961:Q3,774513,231798,209874,256548,76293,567664,6.982,7.01,6.815,6.645,8.492,149680,60194,9145,43325,7724,79237,38319,22266,892,8966,1.364,0.408,0.37,0.452,0.134,0.264,0.106,0.016,0.076,0.014,0.14,0.068,0.039,0.002,0.016,0.299,0.271,0.331,0.099,0.713,0.287,0.152,0.72,0.128,0.529,0.256,0.149,0.006,0.06
1961:Q2,761226,227806,206357,252356,74707,555545,5.797,7.837,6.603,3.268,5.983,148193,58164,8927,41704,7534,78530,38092,22031,740,8800,1.37,0.41,0.371,0.454,0.134,0.267,0.105,0.016,0.075,0.014,0.141,0.069,0.04,0.001,0.016,0.299,0.271,0.332,0.098,0.718,0.282,0.153,0.717,0.13,0.53,0.257,0.149,0.005,0.059
1961:Q1,750351,223428,203006,250311,73606,545018,4.088,6.49,4.763,0.382,7.727,146194,56812,8968,40225,7619,76577,38570,21744,548,8755,1.377,0.41,0.372,0.459,0.135,0.268,0.104,0.016,0.074,0.014,0.141,0.071,0.04,0.001,0.016,0.298,0.271,0.334,0.098,0.72,0.28,0.158,0.708,0.134,0.524,0.264,0.149,0.004,0.06
1960:Q4,742760,219861,200616,250072,72211,540197,5.162,8.307,7.084,0.429,6.937,145592,55024,8858,38742,7424,76216,37651,21825,769,9131,1.375,0.407,0.371,0.463,0.134,0.27,0.102,0.016,0.072,0.014,0.141,0.07,0.04,0.001,0.017,0.296,0.27,0.337,0.097,0.726,0.274,0.161,0.704,0.135,0.523,0.259,0.15,0.005,0.063
1960:Q3,733297,215388,197125,249804,70980,545604,4.593,8.108,5.192,0.203,8.001,143163,53962,8631,37982,7349,74889,37653,21305,671,8645,1.344,0.395,0.361,0.458,0.13,0.262,0.099,0.016,0.07,0.013,0.137,0.069,0.039,0.001,0.016,0.294,0.269,0.341,0.097,0.726,0.274,0.16,0.704,0.136,0.523,0.263,0.149,0.005,0.06
1960:Q2,724973,211109,194599,249677,69588,541080,5.728,10.024,8.35,-0.514,8.308,141908,52691,8579,36854,7257,74107,37611,21080,548,8562,1.34,0.39,0.36,0.461,0.129,0.262,0.097,0.016,0.068,0.013,0.137,0.07,0.039,0.001,0.016,0.291,0.268,0.344,0.096,0.729,0.271,0.163,0.699,0.138,0.522,0.265,0.149,0.004,0.06
1960:Q1,714738,205948,190620,249998,68172,542648,4.329,7.183,7.975,-1.882,8.852,139269,51351,8480,35638,7233,73216,36775,20971,356,7951,1.317,0.38,0.351,0.461,0.126,0.257,0.095,0.016,0.066,0.013,0.135,0.068,0.039,0.001,0.015,0.288,0.267,0.35,0.095,0.731,0.269,0.165,0.694,0.141,0.526,0.264,0.151,0.003,0.057
1959:Q4,707085,202315,186894,251180,66696,528600,6.549,11.843,7.892,1.012,8.089,136645,50249,8343,34800,7106,72794,35439,21009,315,7088,1.338,0.383,0.354,0.475,0.126,0.259,0.095,0.016,0.066,0.013,0.138,0.067,0.04,0.001,0.013,0.286,0.264,0.355,0.094,0.731,0.269,0.166,0.693,0.141,0.533,0.259,0.154,0.002,0.052
1959:Q3,695695,196497,183278,250546,65374,525034,7.943,12.3,7.376,4.279,10.763,134055,49223,8037,34114,7072,71737,35042,20208,434,6634,1.325,0.374,0.349,0.477,0.125,0.255,0.094,0.015,0.065,0.013,0.137,0.067,0.038,0.001,0.013,0.282,0.263,0.36,0.094,0.731,0.269,0.163,0.693,0.144,0.535,0.261,0.151,0.003,0.049
1959:Q2,682180,190688,179937,247894,63661,522653,8.652,12.002,11.637,3.669,9.969,132391,47546,7733,32829,6985,71169,34103,20235,456,6428,1.305,0.365,0.344,0.474,0.122,0.253,0.091,0.015,0.063,0.013,0.136,0.065,0.039,0.001,0.012,0.28,0.264,0.363,0.093,0.736,0.264,0.163,0.69,0.147,0.538,0.258,0.153,0.003,0.049
1959:Q1,667735,185161,174820,245641,62113,510330,6.8,10.689,6.111,3.726,9.521,129228,45592,7410,31345,6837,70307,32075,20206,605,6035,1.308,0.363,0.343,0.481,0.122,0.253,0.089,0.015,0.061,0.013,0.138,0.063,0.04,0.001,0.012,0.277,0.262,0.368,0.093,0.739,0.261,0.163,0.688,0.15,0.544,0.248,0.156,0.005,0.047
1958:Q4,656559,180371,172145,243374,60669,499555,9.425,11.131,9.309,8.026,10.342,127965,44180,7288,30306,6586,69715,31650,20184,658,5758,1.314,0.361,0.345,0.487,0.121,0.256,0.088,0.015,0.061,0.013,0.14,0.063,0.04,0.001,0.012,0.275,0.262,0.371,0.092,0.743,0.257,0.165,0.686,0.149,0.545,0.247,0.158,0.005,0.045
1958:Q3,641445,175488,168230,238587,59140,485841,3.99,7.376,6.615,-1.535,9.273,125300,42930,6919,29599,6412,68463,31355,19211,732,5539,1.32,0.361,0.346,0.491,0.122,0.258,0.088,0.014,0.061,0.013,0.141,0.065,0.04,0.002,0.011,0.274,0.262,0.372,0.092,0.745,0.255,0.161,0.689,0.149,0.546,0.25,0.153,0.006,0.044
1958:Q2,635110,172310,165493,239506,57800,471978,6.344,4.986,5.081,7.354,9.885,123711,41782,6857,28626,6299,67017,31316,18935,800,5643,1.346,0.365,0.351,0.507,0.122,0.262,0.089,0.015,0.061,0.013,0.142,0.066,0.04,0.002,0.012,0.271,0.261,0.377,0.091,0.748,0.252,0.164,0.685,0.151,0.542,0.253,0.153,0.006,0.046
1958:Q1,625194,170189,163417,235182,56406,467540,4.746,3.83,5.98,3.33,9.935,122618,40799,6654,27849,6296,65937,31308,18711,687,5975,1.337,0.364,0.35,0.503,0.121,0.262,0.087,0.014,0.06,0.013,0.141,0.067,0.04,0.001,0.013,0.272,0.261,0.376,0.09,0.75,0.25,0.163,0.683,0.154,0.538,0.255,0.153,0.006,0.049
1957:Q4,617864,168575,161010,233240,55039,474864,3.234,5.199,6.475,-1.934,10.134,120632,40378,6732,27478,6168,64072,31971,18437,422,5730,1.301,0.355,0.339,0.491,0.116,0.254,0.085,0.014,0.058,0.013,0.135,0.067,0.039,0.001,0.012,0.273,0.261,0.377,0.089,0.749,0.251,0.167,0.681,0.153,0.531,0.265,0.153,0.003,0.047
1957:Q3,612909,166412,158445,234373,53679,479490,5.956,6.822,7.068,3.881,9.139,118733,39712,6415,27228,6069,62488,32571,17806,324,5544,1.278,0.347,0.33,0.489,0.112,0.248,0.083,0.013,0.057,0.013,0.13,0.068,0.037,0.001,0.012,0.272,0.259,0.382,0.088,0.749,0.251,0.162,0.686,0.153,0.526,0.274,0.15,0.003,0.047
1957:Q2,603916,163622,155694,232121,52480,472025,2.865,9.057,9.786,-7.031,8.619,116774,38920,6361,26588,5971,60975,32699,17696,343,5061,1.279,0.347,0.33,0.492,0.111,0.247,0.082,0.013,0.056,0.013,0.129,0.069,0.037,0.001,0.011,0.271,0.258,0.384,0.087,0.75,0.25,0.163,0.683,0.153,0.522,0.28,0.152,0.003,0.043
1957:Q1,599622,159999,151976,236274,51373,469779,6.034,9.201,8.291,2.102,7.876,113755,38221,6276,25933,6012,59510,31286,17628,344,4987,1.276,0.341,0.324,0.503,0.109,0.242,0.081,0.013,0.055,0.013,0.127,0.067,0.038,0.001,0.011,0.267,0.253,0.394,0.086,0.749,0.251,0.164,0.679,0.157,0.523,0.275,0.155,0.003,0.044
1956:Q4,590711,156401,148890,235039,50381,460463,5.414,9.945,7.549,0.6,7.968,110961,37929,6279,25715,5935,58040,30747,17126,378,4670,1.283,0.34,0.323,0.51,0.109,0.241,0.082,0.014,0.056,0.013,0.126,0.067,0.037,0.001,0.01,0.265,0.252,0.398,0.085,0.745,0.255,0.166,0.678,0.156,0.523,0.277,0.154,0.003,0.042
1956:Q3,582823,152607,146132,234687,49397,451191,4.604,8.273,8.758,-1.047,8.468,108573,37559,6343,25529,5686,57013,29999,16614,383,4564,1.292,0.338,0.324,0.52,0.109,0.241,0.083,0.014,0.057,0.013,0.126,0.066,0.037,0.001,0.01,0.262,0.251,0.403,0.085,0.743,0.257,0.169,0.68,0.151,0.525,0.276,0.153,0.004,0.042
1956:Q2,576192,149514,143001,235303,48373,446010,3.542,10.66,10.855,-6.207,9.368,106470,36531,6026,24898,5606,55946,29178,16531,323,4492,1.292,0.335,0.321,0.528,0.108,0.239,0.082,0.014,0.056,0.013,0.125,0.065,0.037,0.001,0.01,0.259,0.248,0.408,0.084,0.745,0.255,0.165,0.682,0.153,0.525,0.274,0.155,0.003,0.042
1956:Q1,571134,145633,139223,239012,47266,439746,5.173,11.501,9.317,-1.774,9.691,103790,35433,5832,24036,5565,54986,27469,16428,352,4555,1.299,0.331,0.317,0.544,0.107,0.236,0.081,0.013,0.055,0.013,0.125,0.062,0.037,0.001,0.01,0.255,0.244,0.418,0.083,0.745,0.255,0.165,0.678,0.157,0.53,0.265,0.158,0.003,0.044
1955:Q4,563842,141563,136054,240077,46148,437092,7.777,13.743,13.195,0.905,10.341,101216,34838,5737,23526,5575,54564,25662,16195,362,4433,1.29,0.324,0.311,0.549,0.106,0.232,0.08,0.013,0.054,0.013,0.125,0.059,0.037,0.001,0.01,0.251,0.241,0.426,0.082,0.744,0.256,0.165,0.675,0.16,0.539,0.254,0.16,0.004,0.044
1955:Q3,553187,136861,131806,239535,44985,430221,6.841,15.786,9.088,-0.087,11.244,97630,34176,5482,23247,5446,53253,24440,15355,360,4222,1.286,0.318,0.306,0.557,0.105,0.227,0.079,0.013,0.054,0.013,0.124,0.057,0.036,0.001,0.01,0.247,0.238,0.433,0.081,0.741,0.259,0.16,0.68,0.159,0.545,0.25,0.157,0.004,0.043
1955:Q2,543884,131664,128878,239587,43755,421532,7.938,18.856,10.816,-0.023,12.025,95913,32965,5136,22536,5293,52779,23441,15128,416,4149,1.29,0.312,0.306,0.568,0.104,0.228,0.078,0.012,0.053,0.013,0.125,0.056,0.036,0.001,0.01,0.242,0.237,0.441,0.08,0.744,0.256,0.156,0.684,0.161,0.55,0.244,0.158,0.004,0.043
1955:Q1,533301,125737,125485,239601,42478,413073,5.932,17.548,5.582,-0.989,13.391,93897,31588,4732,21643,5213,52055,22441,14935,483,3983,1.291,0.304,0.304,0.58,0.103,0.227,0.076,0.011,0.052,0.013,0.126,0.054,0.036,0.001,0.01,0.236,0.235,0.449,0.08,0.748,0.252,0.15,0.685,0.165,0.554,0.239,0.159,0.005,0.042
1954:Q4,525508,120453,123758,240195,41102,399734,7.293,15.446,4.167,3.803,14.043,92843,30915,4661,21176,5078,51547,21761,14636,531,4368,1.315,0.301,0.31,0.601,0.103,0.232,0.077,0.012,0.053,0.013,0.129,0.054,0.037,0.001,0.011,0.229,0.236,0.457,0.078,0.75,0.25,0.151,0.685,0.164,0.555,0.234,0.158,0.006,0.047
1954:Q3,516098,115975,122482,237933,39708,390996,5.226,11.727,7.211,-0.227,13.744,91873,30609,4903,20808,4898,50999,21875,14216,574,4209,1.32,0.297,0.313,0.609,0.102,0.235,0.078,0.013,0.053,0.013,0.13,0.056,0.036,0.001,0.011,0.225,0.237,0.461,0.077,0.75,0.25,0.16,0.68,0.16,0.555,0.238,0.155,0.006,0.046
1954:Q2,509442,112672,120313,238068,38389,386121,4.679,9.829,3.948,1.158,14.3,90725,29588,4632,20145,4811,49724,22054,14285,517,4145,1.319,0.292,0.312,0.617,0.099,0.235,0.077,0.012,0.052,0.012,0.129,0.057,0.037,0.001,0.011,0.221,0.236,0.467,0.075,0.754,0.246,0.157,0.681,0.163,0.548,0.243,0.157,0.006,0.046
1954:Q1,503551,109969,119137,237381,37064,385345,3.703,6.699,5.197,0.003,14.285,90351,28786,4612,19327,4846,48789,22399,14419,495,4249,1.307,0.285,0.309,0.616,0.096,0.234,0.075,0.012,0.05,0.013,0.127,0.058,0.037,0.001,0.011,0.218,0.237,0.471,0.074,0.758,0.242,0.16,0.671,0.168,0.54,0.248,0.16,0.005,0.047
1953:Q4,498932,108158,117609,237379,35786,385970,3.214,9.76,-0.489,0.467,14.694,89252,28357,4434,19148,4775,48012,22417,14142,402,4279,1.293,0.28,0.305,0.615,0.093,0.231,0.073,0.011,0.05,0.012,0.124,0.058,0.037,0.001,0.011,0.217,0.236,0.476,0.072,0.759,0.241,0.156,0.675,0.168,0.538,0.251,0.158,0.005,0.048
1953:Q3,494955,105582,117753,237102,34518,391171,8.267,9.293,5.678,8.125,15.117,89017,28736,5040,19002,4694,46800,23598,13761,334,4524,1.265,0.27,0.301,0.606,0.088,0.228,0.073,0.013,0.049,0.012,0.12,0.06,0.035,0.001,0.012,0.213,0.238,0.479,0.07,0.756,0.244,0.175,0.661,0.163,0.526,0.265,0.155,0.004,0.051
1953:Q2,484932,103184,116105,232382,33261,391749,6.403,13.755,5.274,2.513,15.581,87961,28144,4876,18609,4659,46270,23352,13696,324,4319,1.238,0.263,0.296,0.593,0.085,0.225,0.072,0.012,0.048,0.012,0.118,0.06,0.035,0.001,0.011,0.213,0.239,0.479,0.069,0.758,0.242,0.173,0.661,0.166,0.526,0.265,0.156,0.004,0.049
1953:Q1,476996,99754,114297,230931,32014,387980,7.032,17.404,6.256,1.918,15.834,86711,27586,4924,17974,4687,45257,23388,13756,334,3976,1.229,0.257,0.295,0.595,0.083,0.223,0.071,0.013,0.046,0.012,0.117,0.06,0.035,0.001,0.01,0.209,0.24,0.484,0.067,0.759,0.241,0.178,0.652,0.17,0.522,0.27,0.159,0.004,0.046
1952:Q4,468756,95595,112537,229829,30795,380812,6.999,16.162,8.787,1.208,16.754,85098,27439,4944,17814,4681,44497,22979,13464,331,3827,1.231,0.251,0.296,0.604,0.081,0.223,0.072,0.013,0.047,0.012,0.117,0.06,0.035,0.001,0.01,0.204,0.24,0.49,0.066,0.756,0.244,0.18,0.649,0.171,0.523,0.27,0.158,0.004,0.045
1952:Q3,460694,91882,110118,229137,29557,367701,7.133,12.853,8.935,2.838,16.795,83192,26926,4895,17549,4482,43470,22552,13250,335,3585,1.253,0.25,0.299,0.623,0.08,0.226,0.073,0.013,0.048,0.012,0.118,0.061,0.036,0.001,0.01,0.199,0.239,0.497,0.064,0.755,0.245,0.182,0.652,0.166,0.523,0.271,0.159,0.004,0.043
1952:Q2,452623,89022,107712,227523,28366,361030,8.597,15.508,8.662,2.156,42.045,81411,26301,4831,17030,4440,42343,22169,13260,328,3311,1.254,0.247,0.298,0.63,0.079,0.225,0.073,0.013,0.047,0.012,0.117,0.061,0.037,0.001,0.009,0.197,0.238,0.503,0.063,0.756,0.244,0.184,0.648,0.169,0.52,0.272,0.163,0.004,0.041
1952:Q1,443100,85700,105429,226303,25668,359820,8.062,10.797,6.254,5.006,35.309,79983,25446,4707,16343,4396,40873,22234,13385,289,3202,1.231,0.238,0.293,0.629,0.071,0.222,0.071,0.013,0.045,0.012,0.114,0.062,0.037,0.001,0.009,0.193,0.238,0.511,0.058,0.759,0.241,0.185,0.642,0.173,0.511,0.278,0.167,0.004,0.04
