,employment_level_in_thousands,Date,unemployment_level_in_thousands,us_spend_in_millions,mining_income_in_millions,hha_net_worth_in_millions,hha_net_worth/dpi,hha_total_assets_in_millions,hha_total_assets/dpi,downturn
0,56339,1948-01-01,2351,33338.0,5537.0,1298464.0,533.45,1384688.0,568.88,0
1,56440,1948-02-01,2807,33771.333333333336,5544.666666666667,1298464.0,533.45,1384688.0,568.88,0
2,56601,1948-03-01,2646,34204.666666666664,5552.333333333333,1298464.0,533.45,1384688.0,568.88,0
3,57471,1948-04-01,2407,34638.0,5560.0,1298464.0,533.45,1384688.0,568.88,0
4,57763,1948-05-01,2014,35052.333333333336,5744.0,1298464.0,533.45,1384688.0,568.88,0
5,59724,1948-06-01,2408,35466.666666666664,5928.0,1298464.0,533.45,1384688.0,568.88,0
6,59955,1948-07-01,2411,35881.0,6112.0,1298464.0,533.45,1384688.0,568.88,0
7,59677,1948-08-01,2238,36333.0,6090.333333333333,1298464.0,533.45,1384688.0,568.88,0
8,59337,1948-09-01,2061,36785.0,6068.666666666667,1298464.0,533.45,1384688.0,568.88,0
9,59290,1948-10-01,1747,37237.0,6047.0,1298464.0,533.45,1384688.0,568.88,0
10,58991,1948-11-01,2033,37602.333333333336,5918.0,1298464.0,533.45,1384688.0,568.88,1
11,58554,1948-12-01,2205,37967.666666666664,5789.0,1298464.0,533.45,1384688.0,568.88,1
12,56486,1949-01-01,2995,38333.0,5660.0,1298464.0,533.45,1384688.0,568.88,1
13,56320,1949-02-01,3474,38584.0,5524.0,1298464.0,533.45,1384688.0,568.88,1
14,56809,1949-03-01,3383,38835.0,5388.0,1298464.0,533.45,1384688.0,568.88,1
15,56929,1949-04-01,3277,39086.0,5252.0,1298464.0,533.45,1384688.0,568.88,1
16,57669,1949-05-01,3516,38868.0,5051.666666666667,1298464.0,533.45,1384688.0,568.88,1
17,58231,1949-06-01,3966,38650.0,4851.333333333333,1298464.0,533.45,1384688.0,568.88,1
18,58171,1949-07-01,4388,38432.0,4651.0,1298464.0,533.45,1384688.0,568.88,1
19,58504,1949-08-01,3956,38328.333333333336,4577.0,1298464.0,533.45,1384688.0,568.88,1
20,58324,1949-09-01,3635,38224.666666666664,4503.0,1298464.0,533.45,1384688.0,568.88,1
21,58050,1949-10-01,3788,38121.0,4429.0,1298464.0,533.45,1384688.0,568.88,1
22,58616,1949-11-01,3570,38172.666666666664,4551.0,1298464.0,533.45,1384688.0,568.88,0
23,57712,1949-12-01,3690,38224.333333333336,4673.0,1298464.0,533.45,1384688.0,568.88,0
24,56189,1950-01-01,4648,38276.0,4795.0,1298464.0,533.45,1384688.0,568.88,0
25,56197,1950-02-01,4791,38368.333333333336,5133.333333333333,1298464.0,533.45,1384688.0,568.88,0
26,56733,1950-03-01,4313,38460.666666666664,5471.666666666667,1298464.0,533.45,1384688.0,568.88,0
27,57812,1950-04-01,3665,38553.0,5810.0,1298464.0,533.45,1384688.0,568.88,0
28,58719,1950-05-01,3263,38373.0,5977.666666666667,1298464.0,533.45,1384688.0,568.88,0
29,59997,1950-06-01,3551,38193.0,6145.333333333333,1298464.0,533.45,1384688.0,568.88,0
30,59839,1950-07-01,3316,38013.0,6313.0,1298464.0,533.45,1384688.0,568.88,0
31,60948,1950-08-01,2613,39140.0,6347.666666666667,1298464.0,533.45,1384688.0,568.88,0
32,60245,1950-09-01,2490,40267.0,6382.333333333333,1298464.0,533.45,1384688.0,568.88,0
33,60708,1950-10-01,2055,41394.0,6417.0,1298464.0,533.45,1384688.0,568.88,0
34,60313,1950-11-01,2356,43308.666666666664,6379.0,1298464.0,533.45,1384688.0,568.88,0
35,59352,1950-12-01,2409,45223.333333333336,6341.0,1298464.0,533.45,1384688.0,568.88,0
36,58166,1951-01-01,2649,47138.0,6303.0,1298464.0,533.45,1384688.0,568.88,0
37,58102,1951-02-01,2538,48631.333333333336,6326.333333333333,1298464.0,533.45,1384688.0,568.88,0
38,59366,1951-03-01,2323,50124.666666666664,6349.666666666667,1298464.0,533.45,1384688.0,568.88,0
39,59206,1951-04-01,1938,51618.0,6373.0,1298464.0,533.45,1384688.0,568.88,0
40,60219,1951-05-01,1770,53380.666666666664,6385.666666666667,1298464.0,533.45,1384688.0,568.88,0
41,60373,1951-06-01,2132,55143.333333333336,6398.333333333333,1298464.0,533.45,1384688.0,568.88,0
42,60968,1951-07-01,2072,56906.0,6411.0,1298464.0,533.45,1384688.0,568.88,0
43,61128,1951-08-01,1806,57679.0,6429.0,1298464.0,533.45,1384688.0,568.88,0
44,60408,1951-09-01,1886,58452.0,6447.0,1298464.0,533.45,1384688.0,568.88,0
45,60906,1951-10-01,1754,59225.0,6465.0,1298464.0,533.45,1384688.0,568.88,0
46,60464,1951-11-01,1990,59790.333333333336,6505.0,1298464.0,533.45,1384688.0,568.88,0
47,60252,1951-12-01,1796,60355.666666666664,6545.0,1298464.0,533.45,1384688.0,568.88,0
48,58884,1952-01-01,2258,60921.0,6585.0,1298464.0,533.45,1384688.0,568.88,0
49,58834,1952-02-01,2340,62188.333333333336,6358.0,1305987.0,534.3100000000001,1393606.6666666667,570.16,0
50,58912,1952-03-01,2002,63455.666666666664,6131.0,1313510.0,535.17,1402525.3333333333,571.44,0
51,59232,1952-04-01,1836,64723.0,5904.0,1321033.0,536.03,1411444.0,572.72,0
52,60250,1952-05-01,1782,65177.666666666664,5958.666666666667,1325368.0,533.0766666666666,1416789.0,569.8433333333334,0
53,60988,1952-06-01,2032,65632.33333333333,6013.333333333333,1329703.0,530.1233333333333,1422134.0,566.9666666666667,0
54,60775,1952-07-01,2085,66087.0,6068.0,1334038.0,527.17,1427479.0,564.09,0
55,60872,1952-08-01,1918,66764.33333333333,6165.333333333333,1335439.3333333333,523.7433333333333,1430363.3333333333,560.96,0
56,61162,1952-09-01,1728,67441.66666666667,6262.666666666667,1336840.6666666667,520.3166666666666,1433247.6666666667,557.83,0
57,60992,1952-10-01,1480,68119.0,6360.0,1338242.0,516.89,1436132.0,554.7,0
58,61394,1952-11-01,1594,68485.0,6325.666666666667,1341700.3333333333,515.54,1440362.6666666667,553.45,0
59,60748,1952-12-01,1545,68851.0,6291.333333333333,1345158.6666666667,514.19,1444593.3333333333,552.2,0
60,60134,1953-01-01,2132,69217.0,6257.0,1348617.0,512.84,1448824.0,550.95,0
61,60271,1953-02-01,1964,69733.66666666667,6253.333333333333,1349370.3333333333,510.67,1451074.6666666667,549.1566666666668,0
62,60874,1953-03-01,1828,70250.33333333333,6249.666666666667,1350123.6666666667,508.5,1453325.3333333333,547.3633333333333,0
63,60757,1953-04-01,1764,70767.0,6246.0,1350877.0,506.33,1455576.0,545.57,0
64,61061,1953-05-01,1536,70375.33333333333,6293.666666666667,1355747.0,508.05333333333334,1461289.3333333333,547.6033333333334,0
65,62166,1953-06-01,1732,69983.66666666667,6341.333333333333,1360617.0,509.77666666666664,1467002.6666666667,549.6366666666667,0
66,62186,1953-07-01,1710,69592.0,6389.0,1365487.0,511.5,1472716.0,551.67,1
67,62271,1953-08-01,1512,70000.66666666667,6310.333333333333,1372402.0,513.9233333333333,1480762.6666666667,554.5033333333333,1
68,61529,1953-09-01,1619,70409.33333333333,6231.666666666667,1379317.0,516.3466666666667,1488809.3333333333,557.3366666666666,1
69,61805,1953-10-01,1572,70818.0,6153.0,1386232.0,518.77,1496856.0,560.17,1
70,61302,1953-11-01,2017,70018.0,6123.0,1393816.6666666667,519.84,1504398.0,561.0833333333333,1
71,59796,1953-12-01,2634,69218.0,6093.0,1401401.3333333333,520.91,1511940.0,561.9966666666667,1
72,58645,1954-01-01,3561,68418.0,6063.0,1408986.0,521.98,1519482.0,562.91,1
73,59059,1954-02-01,3983,67809.0,6061.666666666667,1416208.3333333333,524.73,1527976.3333333333,566.1366666666667,1
74,59119,1954-03-01,4037,67200.0,6060.333333333333,1423430.6666666667,527.48,1536470.6666666667,569.3633333333333,1
75,59537,1954-04-01,3846,66591.0,6059.0,1430653.0,530.23,1544965.0,572.59,1
76,60020,1954-05-01,3658,66532.33333333333,6051.0,1442735.0,533.4,1558197.3333333333,576.0833333333334,1
77,60497,1954-06-01,3681,66473.66666666667,6043.0,1454817.0,536.57,1571429.6666666667,579.5766666666667,0
78,60523,1954-07-01,3679,66415.0,6035.0,1466899.0,539.74,1584662.0,583.07,0
79,60858,1954-08-01,3470,66563.0,6112.0,1472639.6666666667,538.6066666666667,1592179.0,582.32,0
80,60952,1954-09-01,3433,66711.0,6189.0,1478380.3333333333,537.4733333333334,1599696.0,581.57,0
81,61210,1954-10-01,2929,66859.0,6266.0,1484121.0,536.34,1607213.0,580.82,0
82,60901,1954-11-01,3115,67148.66666666667,6330.666666666667,1491342.6666666667,535.4833333333333,1615509.0,580.0633333333334,0
83,59990,1954-12-01,3009,67438.33333333333,6395.333333333333,1498564.3333333333,534.6266666666667,1623805.0,579.3066666666666,0
84,59354,1955-01-01,3669,67728.0,6460.0,1505786.0,533.77,1632101.0,578.55,0
85,59336,1955-02-01,3569,67744.33333333333,6547.0,1517490.6666666667,533.8,1646176.0,579.0633333333333,0
86,59850,1955-03-01,3297,67760.66666666667,6634.0,1529195.3333333333,533.83,1660251.0,579.5766666666667,0
87,60861,1955-04-01,3162,67777.0,6721.0,1540900.0,533.86,1674326.0,580.09,0
88,61780,1955-05-01,2690,68462.66666666667,6755.0,1554025.3333333333,534.4033333333333,1689238.3333333333,580.9,0
89,62568,1955-06-01,2893,69148.33333333333,6789.0,1567150.6666666667,534.9466666666667,1704150.6666666667,581.71,0
90,63497,1955-07-01,2662,69834.0,6823.0,1580276.0,535.49,1719063.0,582.52,0
91,63876,1955-08-01,2536,69577.0,6954.333333333333,1587095.3333333333,535.2366666666667,1727762.0,582.6733333333333,0
92,63676,1955-09-01,2338,69320.0,7085.666666666667,1593914.6666666667,534.9833333333333,1736461.0,582.8266666666667,0
93,64138,1955-10-01,2284,69063.0,7217.0,1600734.0,534.73,1745160.0,582.98,0
94,63840,1955-11-01,2536,69133.33333333333,7310.0,1614997.6666666667,536.9266666666667,1760010.0,585.14,0
95,63268,1955-12-01,2601,69203.66666666667,7403.0,1629261.3333333333,539.1233333333333,1774860.0,587.3000000000001,0
96,62049,1956-01-01,3066,69274.0,7496.0,1643525.0,541.32,1789710.0,589.46,0
97,61773,1956-02-01,3092,70070.33333333333,7557.333333333333,1646892.3333333333,539.5233333333333,1794831.0,587.98,0
98,62172,1956-03-01,3095,70866.66666666667,7618.666666666667,1650259.6666666667,537.7266666666667,1799952.0,586.5,0
99,63002,1956-04-01,2710,71663.0,7680.0,1653627.0,535.93,1805073.0,585.02,0
100,64045,1956-05-01,2799,71281.33333333333,7616.666666666667,1659820.6666666667,535.2666666666667,1812395.6666666667,584.4733333333334,0
101,64707,1956-06-01,3179,70899.66666666667,7553.333333333333,1666014.3333333333,534.6033333333334,1819718.3333333333,583.9266666666666,0
102,64940,1956-07-01,2984,70518.0,7490.0,1672208.0,533.94,1827041.0,583.38,0
103,65085,1956-08-01,2467,71238.66666666667,7550.0,1685022.3333333333,534.2133333333334,1841444.3333333333,583.8033333333333,0
104,64831,1956-09-01,2273,71959.33333333333,7610.0,1697836.6666666667,534.4866666666667,1855847.6666666667,584.2266666666667,0
105,65074,1956-10-01,2091,72680.0,7670.0,1710651.0,534.76,1870251.0,584.65,0
106,64310,1956-11-01,2599,73648.33333333333,7660.666666666667,1714955.6666666667,533.9433333333333,1874942.6666666667,583.7533333333333,0
107,63619,1956-12-01,2660,74616.66666666667,7651.333333333333,1719260.3333333333,533.1266666666667,1879634.3333333333,582.8566666666667,0
108,61974,1957-01-01,3206,75585.0,7642.0,1723565.0,532.31,1884326.0,581.96,0
109,62512,1957-02-01,3085,75758.66666666667,7669.333333333333,1735978.0,533.7366666666667,1898428.0,583.6833333333334,0
110,63134,1957-03-01,2822,75932.33333333333,7696.666666666667,1748391.0,535.1633333333333,1912530.0,585.4066666666666,0
111,63512,1957-04-01,2627,76106.0,7724.0,1760804.0,536.59,1926632.0,587.13,0
112,64213,1957-05-01,2635,76339.33333333333,7714.333333333333,1760282.3333333333,534.1,1927158.0,584.7333333333333,0
113,65127,1957-06-01,3131,76572.66666666667,7704.666666666667,1759760.6666666667,531.61,1927684.0,582.3366666666667,0
114,65726,1957-07-01,2843,76806.0,7695.0,1759239.0,529.12,1928210.0,579.94,0
115,65009,1957-08-01,2526,77616.0,7573.333333333333,1764826.6666666667,531.0733333333334,1934832.6666666667,582.2333333333333,1
116,64769,1957-09-01,2503,78426.0,7451.666666666667,1770414.3333333333,533.0266666666666,1941455.3333333333,584.5266666666668,1
117,65112,1957-10-01,2465,79236.0,7330.0,1776002.0,534.98,1948078.0,586.82,1
118,64129,1957-11-01,3127,79016.0,7224.333333333333,1787136.3333333333,537.72,1958924.3333333333,589.4100000000001,1
119,63598,1957-12-01,3332,78796.0,7118.666666666667,1798270.6666666667,540.46,1969770.6666666667,592.0,1
120,61508,1958-01-01,4464,78576.0,7013.0,1809405.0,543.2,1980617.0,594.59,1
121,61265,1958-02-01,5116,79598.0,6892.0,1818477.3333333333,544.3233333333334,1990879.6666666667,595.9200000000001,1
122,61567,1958-03-01,5155,80620.0,6771.0,1827549.6666666667,545.4466666666667,2001142.3333333333,597.25,1
123,62116,1958-04-01,5064,81642.0,6650.0,1836622.0,546.57,2011405.0,598.58,1
124,63098,1958-05-01,4832,81817.33333333333,6707.0,1854672.6666666667,547.77,2030647.6666666667,599.7433333333333,0
125,63652,1958-06-01,5223,81992.66666666667,6764.0,1872723.3333333333,548.97,2049890.3333333333,600.9066666666668,0
126,63810,1958-07-01,5098,82168.0,6821.0,1890774.0,550.17,2069133.0,602.07,0
127,64018,1958-08-01,4607,82670.66666666667,6851.333333333333,1900875.3333333333,550.3633333333333,2081164.3333333333,602.5600000000001,0
128,63766,1958-09-01,4058,83173.33333333333,6881.666666666667,1910976.6666666667,550.5566666666666,2093195.6666666667,603.05,0
129,64480,1958-10-01,3750,83676.0,6912.0,1921078.0,550.75,2105227.0,603.54,0
130,63890,1958-11-01,3785,82776.66666666667,6879.333333333333,1927848.6666666667,550.3733333333333,2112829.3333333335,603.18,0
131,63266,1958-12-01,4068,81877.33333333333,6846.666666666667,1934619.3333333333,549.9966666666667,2120431.6666666665,602.82,0
132,62052,1959-01-01,4678,80978.0,6814.0,1941390.0,549.62,2128034.0,602.46,0
133,62015,1959-02-01,4698,81444.33333333333,6822.333333333333,1950645.6666666667,548.5533333333333,2139634.6666666665,601.6933333333334,0
134,63091,1959-03-01,4298,81910.66666666667,6830.666666666667,1959901.3333333333,547.4866666666667,2151235.3333333335,600.9266666666666,0
135,64241,1959-04-01,3558,82377.0,6839.0,1969157.0,546.42,2162836.0,600.16,0
136,65036,1959-05-01,3327,82702.66666666667,6686.0,1973564.0,546.7866666666666,2169314.6666666665,601.0166666666667,0
137,65924,1959-06-01,3780,83028.33333333333,6533.0,1977971.0,547.1533333333333,2175793.3333333335,601.8733333333333,0
138,66193,1959-07-01,3605,83354.0,6380.0,1982378.0,547.52,2182272.0,602.73,0
139,65897,1959-08-01,3347,83459.0,6409.666666666667,1993612.6666666667,548.31,2195776.0,603.91,0
140,65414,1959-09-01,3195,83564.0,6439.333333333333,2004847.3333333333,549.1,2209280.0,605.09,0
141,65891,1959-10-01,3231,83669.0,6469.0,2016082.0,549.89,2222784.0,606.27,0
142,64877,1959-11-01,3636,83062.66666666667,6535.333333333333,2018864.0,548.3066666666666,2225874.0,604.53,0
143,64927,1959-12-01,3521,82456.33333333333,6601.666666666667,2021646.0,546.7233333333334,2228964.0,602.79,0
144,63375,1960-01-01,4119,81850.0,6668.0,2024428.0,545.14,2232054.0,601.05,0
145,63871,1960-02-01,3886,82295.33333333333,6757.666666666667,2030436.6666666667,544.6333333333333,2240349.0,600.9366666666666,0
146,63607,1960-03-01,4164,82740.66666666667,6847.333333333333,2036445.3333333333,544.1266666666667,2248644.0,600.8233333333334,0
147,65450,1960-04-01,3607,83186.0,6937.0,2042454.0,543.62,2256939.0,600.71,1
148,66342,1960-05-01,3380,83983.66666666667,6930.333333333333,2040892.0,542.1833333333333,2256904.3333333335,599.57,1
149,67288,1960-06-01,4172,84781.33333333333,6923.666666666667,2039330.0,540.7466666666667,2256869.6666666665,598.43,1
150,67239,1960-07-01,3884,85579.0,6917.0,2037768.0,539.31,2256835.0,597.29,1
151,67004,1960-08-01,3711,86203.0,6929.0,2055529.6666666667,543.2766666666666,2276424.3333333335,601.66,1
152,66892,1960-09-01,3315,86827.0,6941.0,2073291.3333333333,547.2433333333333,2296013.6666666665,606.03,1
153,66563,1960-10-01,3537,87451.0,6953.0,2091053.0,551.21,2315603.0,610.4,1
154,66394,1960-11-01,3967,87164.33333333333,6909.333333333333,2107895.0,553.5433333333334,2332698.6666666665,612.58,1
155,65287,1960-12-01,4470,86877.66666666667,6865.666666666667,2124737.0,555.8766666666667,2349794.3333333335,614.76,1
156,63797,1961-01-01,5335,86591.0,6822.0,2141579.0,558.21,2366890.0,616.94,1
157,63869,1961-02-01,5654,87308.33333333333,6830.333333333333,2149139.6666666665,557.39,2376517.6666666665,616.36,1
158,64700,1961-03-01,5423,88025.66666666667,6838.666666666667,2156700.3333333335,556.57,2386145.3333333335,615.7800000000001,0
159,64957,1961-04-01,4887,88743.0,6847.0,2164261.0,555.75,2395773.0,615.2,0
160,65831,1961-05-01,4671,89199.0,6910.333333333333,2176416.6666666665,555.7333333333333,2409353.6666666665,615.21,0
161,67151,1961-06-01,5313,89655.0,6973.666666666667,2188572.3333333335,555.7166666666667,2422934.3333333335,615.22,0
162,66911,1961-07-01,4961,90111.0,7037.0,2200728.0,555.7,2436515.0,615.23,0
163,67028,1961-08-01,4440,90712.0,7060.0,2219389.6666666665,556.58,2457552.0,616.2966666666666,0
164,66036,1961-09-01,4034,91313.0,7083.0,2238051.3333333335,557.46,2478589.0,617.3633333333333,0
165,66786,1961-10-01,3863,91914.0,7106.0,2256713.0,558.34,2499626.0,618.43,0
166,66348,1961-11-01,3941,92994.33333333333,7064.666666666667,2261026.0,556.78,2504381.3333333335,616.6999999999999,0
167,65531,1961-12-01,4041,94074.66666666667,7023.333333333333,2265339.0,555.22,2509136.6666666665,614.97,0
168,64215,1962-01-01,4621,95155.0,6982.0,2269652.0,553.66,2513892.0,613.24,0
169,64872,1962-02-01,4481,95627.33333333333,6940.333333333333,2237976.6666666665,543.43,2484583.0,603.2966666666666,0
170,65421,1962-03-01,4323,96099.66666666667,6898.666666666667,2206301.3333333335,533.2,2455274.0,593.3533333333334,0
171,65957,1962-04-01,3863,96572.0,6857.0,2174626.0,522.97,2425965.0,583.41,0
172,67066,1962-05-01,3592,97361.0,6822.0,2187786.6666666665,524.7133333333334,2441197.3333333335,585.4866666666667,0
173,67852,1962-06-01,4219,98150.0,6787.0,2200947.3333333335,526.4566666666667,2456429.6666666665,587.5633333333333,0
174,67849,1962-07-01,3829,98939.0,6752.0,2214108.0,528.2,2471662.0,589.64,0
175,68096,1962-08-01,3842,99323.66666666667,6784.0,2249137.6666666665,534.3766666666667,2509190.0,596.1633333333333,0
176,67621,1962-09-01,3455,99708.33333333333,6816.0,2284167.3333333335,540.5533333333334,2546718.0,602.6866666666667,0
177,67850,1962-10-01,3234,100093.0,6848.0,2319197.0,546.73,2584246.0,609.21,0
178,67046,1962-11-01,3726,100218.66666666667,6890.333333333333,2330658.3333333335,547.3133333333334,2596677.3333333335,609.7833333333333,0
179,66585,1962-12-01,3760,100344.33333333333,6932.666666666667,2342119.6666666665,547.8966666666666,2609108.6666666665,610.3566666666667,0
180,65168,1963-01-01,4627,100470.0,6975.0,2353581.0,548.48,2621540.0,610.93,0
181,65519,1963-02-01,4870,100506.66666666667,7083.666666666667,2364322.0,549.0066666666667,2635453.3333333335,611.9633333333333,0
182,66329,1963-03-01,4442,100543.33333333333,7192.333333333333,2375063.0,549.5333333333333,2649366.6666666665,612.9966666666667,0
183,67240,1963-04-01,3993,100580.0,7301.0,2385804.0,550.06,2663280.0,614.03,0
184,67984,1963-05-01,3949,101756.66666666667,7330.666666666667,2399774.3333333335,550.3733333333333,2679756.0,614.5799999999999,0
185,68844,1963-06-01,4554,102933.33333333333,7360.333333333333,2413744.6666666665,550.6866666666666,2696232.0,615.13,0
186,69225,1963-07-01,4140,104110.0,7390.0,2427715.0,551.0,2712708.0,615.68,0
187,69052,1963-08-01,3755,104692.66666666667,7388.0,2426032.0,547.0133333333333,2714028.6666666665,611.9399999999999,0
188,68567,1963-09-01,3470,105275.33333333333,7386.0,2424349.0,543.0266666666666,2715349.3333333335,608.2,0
189,68964,1963-10-01,3394,105858.0,7384.0,2422666.0,539.04,2716670.0,604.46,0
190,68471,1963-11-01,3858,106164.66666666667,7411.666666666667,2438185.6666666665,538.1366666666667,2733511.3333333335,603.3233333333334,0
191,67791,1963-12-01,3788,106471.33333333333,7439.333333333333,2453705.3333333335,537.2333333333333,2750352.6666666665,602.1866666666666,0
192,66468,1964-01-01,4518,106778.0,7467.0,2469225.0,536.33,2767194.0,601.05,0
193,67197,1964-02-01,4461,107123.0,7517.333333333333,2483968.6666666665,534.37,2785136.6666666665,599.1533333333333,0
194,67695,1964-03-01,4225,107468.0,7567.666666666667,2498712.3333333335,532.4100000000001,2803079.3333333335,597.2566666666667,0
195,68947,1964-04-01,3831,107813.0,7618.0,2513456.0,530.45,2821022.0,595.36,0
196,69952,1964-05-01,3528,108363.66666666667,7546.0,2528943.6666666665,530.82,2838780.3333333335,595.8533333333334,0
197,70448,1964-06-01,4453,108914.33333333333,7474.0,2544431.3333333335,531.1899999999999,2856538.6666666665,596.3466666666667,0
198,70839,1964-07-01,3675,109465.0,7402.0,2559919.0,531.56,2874297.0,596.84,0
199,70676,1964-08-01,3551,109453.33333333333,7443.0,2574673.0,532.01,2892048.0,597.5866666666667,0
200,69849,1964-09-01,3262,109441.66666666667,7484.0,2589427.0,532.4599999999999,2909799.0,598.3333333333334,0
201,70147,1964-10-01,3198,109430.0,7525.0,2604181.0,532.91,2927550.0,599.08,0
202,69892,1964-11-01,3318,109896.33333333333,7538.0,2618756.0,533.2166666666667,2943290.0,599.2966666666667,0
203,69543,1964-12-01,3409,110362.66666666667,7551.0,2633331.0,533.5233333333333,2959030.0,599.5133333333333,0
204,68235,1965-01-01,3942,110829.0,7564.0,2647906.0,533.83,2974770.0,599.73,0
205,68690,1965-02-01,4172,111519.0,7539.333333333333,2646866.3333333335,530.7533333333333,2976932.0,596.9333333333334,0
206,69385,1965-03-01,3699,112209.0,7514.666666666667,2645826.6666666665,527.6766666666667,2979094.0,594.1366666666667,0
207,70220,1965-04-01,3492,112899.0,7490.0,2644787.0,524.6,2981256.0,591.34,0
208,71298,1965-05-01,3214,114563.66666666667,7508.0,2670758.3333333335,524.3100000000001,3009532.6666666665,590.8233333333334,0
209,72278,1965-06-01,4057,116228.33333333333,7526.0,2696729.6666666665,524.02,3037809.3333333335,590.3066666666666,0
210,73093,1965-07-01,3429,117893.0,7544.0,2722701.0,523.73,3066086.0,589.79,0
211,72695,1965-08-01,3165,119642.0,7563.333333333333,2749513.3333333335,524.8033333333334,3096032.0,590.9499999999999,0
212,71408,1965-09-01,2842,121391.0,7582.666666666667,2776325.6666666665,525.8766666666667,3125978.0,592.11,0
213,72112,1965-10-01,2709,123140.0,7602.0,2803138.0,526.95,3155924.0,593.27,0
214,71824,1965-11-01,2888,123797.33333333333,7647.333333333333,2805328.3333333335,524.2966666666667,3159173.6666666665,590.43,0
215,71819,1965-12-01,2786,124454.66666666667,7692.666666666667,2807518.6666666665,521.6433333333333,3162423.3333333335,587.59,0
216,70368,1966-01-01,3244,125112.0,7738.0,2809709.0,518.99,3165673.0,584.75,0
217,70691,1966-02-01,3109,126646.66666666667,7716.666666666667,2820411.6666666665,519.0933333333334,3179607.6666666665,585.2066666666667,0
218,71090,1966-03-01,2990,128181.33333333333,7695.333333333333,2831114.3333333335,519.1966666666666,3193542.3333333335,585.6633333333333,0
219,72066,1966-04-01,2730,129716.0,7674.0,2841817.0,519.3,3207477.0,586.12,0
220,72619,1966-05-01,2793,131573.33333333334,7773.333333333333,2832330.3333333335,514.2133333333334,3199287.3333333335,580.83,0
221,74037,1966-06-01,3592,133430.66666666666,7872.666666666667,2822843.6666666665,509.12666666666667,3191097.6666666665,575.54,0
222,74655,1966-07-01,3050,135288.0,7972.0,2813357.0,504.04,3182908.0,570.25,0
223,74665,1966-08-01,2821,135989.33333333334,7961.0,2843048.0,506.04,3214756.0,572.2066666666667,0
224,73248,1966-09-01,2503,136690.66666666666,7950.0,2872739.0,508.04,3246604.0,574.1633333333333,0
225,73744,1966-10-01,2465,137392.0,7939.0,2902430.0,510.04,3278452.0,576.12,0
226,73995,1966-11-01,2579,139827.66666666666,7951.0,2937852.0,513.1433333333333,3313804.0,578.82,0
227,73600,1966-12-01,2655,142263.33333333334,7963.0,2973274.0,516.2466666666667,3349156.0,581.52,0
228,72161,1967-01-01,3159,144699.0,7975.0,3008696.0,519.35,3384508.0,584.22,0
229,72505,1967-02-01,3184,145548.66666666666,7988.666666666667,3022374.6666666665,519.5033333333333,3400631.6666666665,584.52,0
230,72560,1967-03-01,2954,146398.33333333334,8002.333333333333,3036053.3333333335,519.6566666666666,3416755.3333333335,584.82,0
231,73445,1967-04-01,2664,147248.0,8016.0,3049732.0,519.81,3432879.0,585.12,0
232,73638,1967-05-01,2458,148318.0,8072.666666666667,3078633.3333333335,521.4433333333333,3463801.0,586.6866666666667,0
233,75393,1967-06-01,3628,149388.0,8129.333333333333,3107534.6666666665,523.0766666666667,3494723.0,588.2533333333333,0
234,76220,1967-07-01,3249,150458.0,8186.0,3136436.0,524.71,3525645.0,589.82,0
235,76170,1967-08-01,2942,151969.33333333334,8192.0,3158973.3333333335,525.6766666666667,3555402.3333333335,591.6333333333333,0
236,74632,1967-09-01,2895,153480.66666666666,8198.0,3181510.6666666665,526.6433333333333,3585159.6666666665,593.4466666666667,0
237,75180,1967-10-01,2952,154992.0,8204.0,3204048.0,527.61,3614917.0,595.26,0
238,75218,1967-11-01,2903,157126.33333333334,8317.666666666666,3211457.3333333335,524.0966666666667,3619526.0,590.6966666666667,0
239,75337,1967-12-01,2720,159260.66666666666,8431.333333333334,3218866.6666666665,520.5833333333334,3624135.0,586.1333333333333,0
240,73272,1968-01-01,3074,161395.0,8545.0,3226276.0,517.07,3628744.0,581.57,0
241,74114,1968-02-01,3287,162299.0,8724.666666666666,3272264.6666666665,519.7466666666667,3678970.6666666665,584.3466666666667,0
242,74517,1968-03-01,2929,163203.0,8904.333333333334,3318253.3333333335,522.4233333333334,3729197.3333333335,587.1233333333333,0
243,75143,1968-04-01,2491,164107.0,9084.0,3364242.0,525.1,3779424.0,589.9,0
244,75931,1968-05-01,2304,165345.66666666666,9106.666666666666,3384894.0,525.9333333333334,3802609.0,590.8366666666667,0
245,77273,1968-06-01,3615,166584.33333333334,9129.333333333334,3405546.0,526.7666666666667,3825794.0,591.7733333333333,0
246,77748,1968-07-01,3217,167823.0,9152.0,3426198.0,527.6,3848979.0,592.71,0
247,77431,1968-08-01,2772,169147.33333333334,9067.0,3482695.6666666665,532.8766666666667,3909931.0,598.2566666666667,0
248,75939,1968-09-01,2607,170471.66666666666,8982.0,3539193.3333333335,538.1533333333333,3970883.0,603.8033333333334,0
249,76365,1968-10-01,2510,171796.0,8897.0,3595691.0,543.43,4031835.0,609.35,0
250,76608,1968-11-01,2576,171924.0,8927.333333333334,3601453.3333333335,542.1033333333334,4037189.3333333335,607.6933333333334,0
251,76699,1968-12-01,2418,172052.0,8957.666666666666,3607215.6666666665,540.7766666666666,4042543.6666666665,606.0366666666666,0
252,75357,1969-01-01,2875,172180.0,8988.0,3612978.0,539.45,4047898.0,604.38,0
253,76180,1969-02-01,2923,173836.66666666666,9020.0,3615432.6666666665,535.82,4054156.6666666665,600.8266666666667,0
254,76520,1969-03-01,2747,175493.33333333334,9052.0,3617887.3333333335,532.1899999999999,4060415.3333333335,597.2733333333333,0
255,77077,1969-04-01,2542,177150.0,9084.0,3620342.0,528.56,4066674.0,593.72,0
256,77265,1969-05-01,2300,178968.66666666666,9153.666666666666,3627638.0,523.98,4075919.6666666665,588.7233333333334,0
257,78958,1969-06-01,3399,180787.33333333334,9223.333333333334,3634934.0,519.4,4085165.3333333335,583.7266666666667,0
258,79615,1969-07-01,3182,182606.0,9293.0,3642230.0,514.82,4094411.0,578.73,0
259,79646,1969-08-01,2870,183675.66666666666,9339.0,3648255.3333333335,512.4033333333334,4104302.6666666665,576.45,0
260,78026,1969-09-01,2958,184745.33333333334,9385.0,3654280.6666666665,509.9866666666667,4114194.3333333335,574.17,0
261,78671,1969-10-01,2840,185815.0,9431.0,3660306.0,507.57,4124086.0,571.89,0
262,78716,1969-11-01,2711,186836.0,9548.0,3669533.0,505.1433333333333,4130800.0,568.6533333333333,0
263,78789,1969-12-01,2627,187857.0,9665.0,3678760.0,502.7166666666667,4137514.0,565.4166666666666,1
264,77313,1970-01-01,3406,188878.0,9782.0,3687987.0,500.29,4144228.0,562.18,1
265,77489,1970-02-01,3794,189354.66666666666,9915.0,3666778.0,493.6433333333334,4125205.3333333335,555.35,1
266,77957,1970-03-01,3732,189831.33333333334,10048.0,3645569.0,486.99666666666667,4106182.6666666665,548.52,1
267,78408,1970-04-01,3552,190308.0,10181.0,3624360.0,480.35,4087160.0,541.69,1
268,78374,1970-05-01,3385,191653.0,10317.333333333334,3666988.3333333335,481.8233333333333,4132101.3333333335,542.9466666666667,1
269,79416,1970-06-01,4671,192998.0,10453.666666666666,3709616.6666666665,483.2966666666667,4177042.6666666665,544.2033333333334,1
270,80343,1970-07-01,4514,194343.0,10590.0,3752245.0,484.77,4221984.0,545.46,1
271,79965,1970-08-01,4226,195432.66666666666,10746.666666666666,3793359.0,488.34,4266098.666666667,549.2033333333334,1
272,78341,1970-09-01,4300,196522.33333333334,10903.333333333334,3834473.0,491.91,4310213.333333333,552.9466666666667,1
273,79019,1970-10-01,4269,197612.0,11060.0,3875587.0,495.48,4354328.0,556.69,1
274,78860,1970-11-01,4618,199693.33333333334,11052.666666666666,3929860.0,497.47333333333336,4409519.0,558.21,1
275,78651,1970-12-01,4650,201774.66666666666,11045.333333333334,3984133.0,499.46666666666664,4464710.0,559.73,0
276,77389,1971-01-01,5429,203856.0,11038.0,4038406.0,501.46,4519901.0,561.25,0
277,77427,1971-02-01,5458,205168.0,10950.333333333334,4063032.0,500.18666666666667,4549077.333333333,560.02,0
278,77675,1971-03-01,5190,206480.0,10862.666666666666,4087658.0,498.9133333333333,4578253.666666667,558.79,0
279,78404,1971-04-01,4712,207792.0,10775.0,4112284.0,497.64,4607430.0,557.56,0
280,78929,1971-05-01,4415,208731.66666666666,10801.666666666666,4132419.3333333335,497.57666666666665,4631813.666666667,557.7066666666666,0
281,79717,1971-06-01,5511,209671.33333333334,10828.333333333334,4152554.6666666665,497.5133333333333,4656197.333333333,557.8533333333334,0
282,80942,1971-07-01,5354,210611.0,10855.0,4172690.0,497.45,4680581.0,558.0,0
283,80897,1971-08-01,5086,211600.33333333334,10679.333333333334,4213255.666666667,499.2833333333333,4726545.0,560.11,0
284,79589,1971-09-01,4867,212589.66666666666,10503.666666666666,4253821.333333333,501.1166666666667,4772509.0,562.22,0
285,80375,1971-10-01,4599,213579.0,10328.0,4294387.0,502.95,4818473.0,564.33,0
286,80527,1971-11-01,4846,216463.66666666666,10811.333333333334,4347186.0,506.54333333333335,4873687.666666667,567.8966666666666,0
287,80527,1971-12-01,4728,219348.33333333334,11294.666666666666,4399985.0,510.13666666666666,4928902.333333333,571.4633333333334,0
288,79459,1972-01-01,5481,222233.0,11778.0,4452784.0,513.73,4984117.0,575.03,0
289,79734,1972-02-01,5446,223336.33333333334,11676.0,4474393.0,513.45,5012372.333333333,575.18,0
290,80578,1972-03-01,5250,224439.66666666666,11574.0,4496002.0,513.17,5040627.666666667,575.33,0
291,81027,1972-04-01,4732,225543.0,11472.0,4517611.0,512.89,5068883.0,575.48,0
292,81646,1972-05-01,4382,225396.0,11570.333333333334,4559387.333333333,512.7766666666666,5115810.0,575.36,0
293,83073,1972-06-01,5467,225249.0,11668.666666666666,4601163.666666667,512.6633333333333,5162737.0,575.24,0
294,83911,1972-07-01,5216,225102.0,11767.0,4642940.0,512.55,5209664.0,575.12,0
295,83993,1972-08-01,4901,226439.66666666666,11927.666666666666,4725208.333333333,513.2966666666666,5298165.333333333,575.5533333333333,0
296,82537,1972-09-01,4705,227777.33333333334,12088.333333333334,4807476.666666667,514.0433333333333,5386666.666666667,575.9866666666667,0
297,83223,1972-10-01,4518,229115.0,12249.0,4889745.0,514.79,5475168.0,576.42,0
298,83231,1972-11-01,4317,230541.66666666666,12437.333333333334,4898016.0,512.31,5487480.0,573.9566666666666,0
299,83424,1972-12-01,4169,231968.33333333334,12625.666666666666,4906287.0,509.83,5499792.0,571.4933333333333,0
300,81598,1973-01-01,4730,233395.0,12814.0,4914558.0,507.35,5512104.0,569.03,0
301,82405,1973-02-01,4898,234654.33333333334,12967.0,4927700.666666667,504.08333333333337,5531549.666666667,565.84,0
302,83397,1973-03-01,4564,235913.66666666666,13120.0,4940843.333333333,500.81666666666666,5550995.333333333,562.65,0
303,83900,1973-04-01,4227,237173.0,13273.0,4953986.0,497.55,5570441.0,559.46,0
304,84383,1973-05-01,3855,237964.66666666666,13672.333333333334,5014908.333333333,499.82666666666665,5637728.0,561.9,0
305,86217,1973-06-01,4907,238756.33333333334,14071.666666666666,5075830.666666667,502.10333333333335,5705015.0,564.34,0
306,87042,1973-07-01,4613,239548.0,14471.0,5136753.0,504.38,5772302.0,566.78,0
307,86616,1973-08-01,4273,241827.0,14903.666666666666,5124835.666666667,498.0833333333333,5765856.0,560.3666666666667,0
308,85552,1973-09-01,4230,244106.0,15336.333333333334,5112918.333333333,491.7866666666667,5759410.0,553.9533333333333,0
309,86717,1973-10-01,3830,246385.0,15769.0,5101001.0,485.49,5752964.0,547.54,0
310,86562,1973-11-01,4127,248799.0,16480.333333333332,5111056.666666667,484.4066666666667,5764436.666666667,546.3299999999999,1
311,86390,1973-12-01,4130,251213.0,17191.666666666668,5121112.333333333,483.3233333333333,5775909.333333333,545.12,1
312,84843,1974-01-01,5081,253627.0,17903.0,5131168.0,482.24,5787382.0,543.91,1
313,85061,1974-02-01,5212,255391.66666666666,18735.0,5125430.666666667,478.75,5788575.666666667,540.6833333333333,1
314,85659,1974-03-01,4826,257156.33333333334,19567.0,5119693.333333333,475.26,5789769.333333333,537.4566666666667,1
315,85994,1974-04-01,4372,258921.0,20399.0,5113956.0,471.77,5790963.0,534.23,1
316,86611,1974-05-01,4219,262118.33333333334,21060.666666666668,5100707.666666667,466.32,5783854.666666667,528.7633333333333,1
317,88022,1974-06-01,5459,265315.6666666667,21722.333333333332,5087459.333333333,460.87,5776746.333333333,523.2966666666667,1
318,88897,1974-07-01,5341,268513.0,22384.0,5074211.0,455.42,5769638.0,517.83,1
319,88479,1974-08-01,4967,272261.3333333333,22363.333333333332,5120481.333333333,455.92333333333335,5820305.333333333,518.2366666666667,1
320,87162,1974-09-01,5287,276009.6666666667,22342.666666666668,5166751.666666667,456.4266666666667,5870972.666666667,518.6433333333333,1
321,87779,1974-10-01,5131,279758.0,22322.0,5213022.0,456.93,5921640.0,519.05,1
322,86863,1974-11-01,5775,282204.6666666667,23193.666666666668,5297335.666666667,461.63,6005728.333333333,523.3766666666667,1
323,86169,1974-12-01,6199,284651.3333333333,24065.333333333332,5381649.333333333,466.33,6089816.666666667,527.7033333333333,1
324,83928,1975-01-01,8272,287098.0,24937.0,5465963.0,471.03,6173905.0,532.03,1
325,83573,1975-02-01,8399,289479.3333333333,24798.666666666668,5543643.0,468.6033333333333,6256261.666666667,528.8533333333334,1
326,84018,1975-03-01,8446,291860.6666666667,24660.333333333332,5621323.0,466.1766666666667,6338618.333333333,525.6766666666666,1
327,84551,1975-04-01,7908,294242.0,24522.0,5699003.0,463.75,6420975.0,522.5,0
328,85173,1975-05-01,7715,296117.3333333333,24573.0,5697604.666666667,463.04,6426271.666666667,522.26,0
329,86507,1975-06-01,8667,297992.6666666667,24624.0,5696206.333333333,462.33,6431568.333333333,522.02,0
330,87742,1975-07-01,8311,299868.0,24675.0,5694808.0,461.62,6436865.0,521.78,0
331,87726,1975-08-01,7799,301809.0,24928.333333333332,5750678.666666667,462.32666666666665,6500642.0,522.6233333333333,0
332,86399,1975-09-01,7624,303750.0,25181.666666666668,5806549.333333333,463.03333333333336,6564419.0,523.4666666666666,0
333,87160,1975-10-01,7350,305691.0,25435.0,5862420.0,463.74,6628196.0,524.31,0
334,86700,1975-11-01,7341,306590.3333333333,25662.333333333332,5928911.0,465.36,6697864.0,525.7199999999999,0
335,86689,1975-12-01,7307,307489.6666666667,25889.666666666668,5995402.0,466.98,6767532.0,527.13,0
336,85652,1976-01-01,8286,308389.0,26117.0,6061893.0,468.6,6837200.0,528.54,0
337,85932,1976-02-01,8143,309597.0,25844.333333333332,6120854.666666667,470.9166666666667,6905079.0,531.2566666666667,0
338,86769,1976-03-01,7631,310805.0,25571.666666666668,6179816.333333333,473.23333333333335,6972958.0,533.9733333333334,0
339,87786,1976-04-01,6996,312013.0,25299.0,6238778.0,475.55,7040837.0,536.69,0
340,88510,1976-05-01,6415,312943.3333333333,25542.666666666668,6277450.666666667,474.8466666666667,7087896.333333333,536.1500000000001,0
341,89727,1976-06-01,7772,313873.6666666667,25786.333333333332,6316123.333333333,474.1433333333333,7134955.666666667,535.61,0
342,90908,1976-07-01,7697,314804.0,26030.0,6354796.0,473.44,7182015.0,535.07,0
343,90690,1976-08-01,7443,317477.6666666667,26487.0,6411065.0,474.10333333333335,7247662.0,535.97,0
344,89281,1976-09-01,7148,320151.3333333333,26944.0,6467334.0,474.76666666666665,7313309.0,536.87,0
345,90041,1976-10-01,6958,322825.0,27401.0,6523603.0,475.43,7378956.0,537.77,0
346,89892,1976-11-01,7224,325148.0,28028.333333333332,6559704.0,474.85333333333335,7420650.333333333,537.18,0
347,89850,1976-12-01,7154,327471.0,28655.666666666668,6595805.0,474.27666666666664,7462344.666666667,536.59,0
348,88217,1977-01-01,7980,329794.0,29283.0,6631906.0,473.7,7504039.0,536.0,0
349,88601,1977-02-01,8237,332244.3333333333,30339.666666666668,6691620.0,473.75666666666666,7576664.0,536.4133333333333,0
350,89597,1977-03-01,7680,334694.6666666667,31396.333333333332,6751334.0,473.81333333333333,7649289.0,536.8266666666667,0
351,90660,1977-04-01,6692,337145.0,32453.0,6811048.0,473.87,7721914.0,537.24,0
352,91475,1977-05-01,6280,339558.6666666667,32592.0,6857829.666666667,472.56,7781423.666666667,536.1933333333334,0
353,93154,1977-06-01,7589,341972.3333333333,32731.0,6904611.333333333,471.25,7840933.333333333,535.1466666666666,0
354,93879,1977-07-01,7081,344386.0,32870.0,6951393.0,469.94,7900443.0,534.1,0
355,93846,1977-08-01,6897,347374.6666666667,32674.0,7004344.666666667,468.31333333333333,7966006.333333333,532.6033333333334,0
356,92788,1977-09-01,6579,350363.3333333333,32478.0,7057296.333333333,466.68666666666667,8031569.666666667,531.1066666666667,0
357,93779,1977-10-01,6365,353352.0,32282.0,7110248.0,465.06,8097133.0,529.61,0
358,94027,1977-11-01,6495,355263.0,31365.666666666668,7168065.666666667,465.07,8162587.666666667,529.5966666666667,0
359,94183,1977-12-01,6031,357174.0,30449.333333333332,7225883.333333333,465.08,8228042.333333333,529.5833333333334,0
360,92616,1978-01-01,7048,359085.0,29533.0,7283701.0,465.09,8293497.0,529.57,0
361,92755,1978-02-01,6886,361835.6666666667,31709.666666666668,7366372.666666667,465.5,8392955.666666666,530.3666666666667,0
362,93545,1978-03-01,6621,364586.3333333333,33886.333333333336,7449044.333333333,465.90999999999997,8492414.333333334,531.1633333333334,0
363,94783,1978-04-01,5826,367337.0,36063.0,7531716.0,466.32,8591873.0,531.96,0
364,95486,1978-05-01,5605,369740.3333333333,35961.0,7613959.666666667,467.42333333333335,8689973.333333334,533.4733333333334,0
365,97530,1978-06-01,6481,372143.6666666667,35859.0,7696203.333333333,468.52666666666664,8788073.666666666,534.9866666666667,0
366,97917,1978-07-01,6597,374547.0,35757.0,7778447.0,469.63,8886174.0,536.5,0
367,97855,1978-08-01,6090,377067.6666666667,36648.666666666664,7838956.0,469.28,8960858.0,536.43,0
368,96790,1978-09-01,5958,379588.3333333333,37540.333333333336,7899465.0,468.93,9035542.0,536.36,0
369,97851,1978-10-01,5624,382109.0,38432.0,7959974.0,468.58,9110226.0,536.29,0
370,97788,1978-11-01,5797,385436.6666666667,37937.666666666664,8063797.333333333,469.7966666666667,9223231.0,537.3533333333334,0
371,97669,1978-12-01,5896,388764.3333333333,37443.333333333336,8167620.666666667,471.0133333333333,9336236.0,538.4166666666666,0
372,96201,1979-01-01,6602,392092.0,36949.0,8271444.0,472.23,9449241.0,539.48,0
373,96536,1979-02-01,6649,394588.6666666667,38097.666666666664,8362522.666666667,474.5466666666667,9556171.666666666,542.2833333333333,0
374,97282,1979-03-01,6325,397085.3333333333,39246.333333333336,8453601.333333334,476.86333333333334,9663102.333333334,545.0866666666667,0
375,97478,1979-04-01,5720,399582.0,40395.0,8544680.0,479.18,9770033.0,547.89,0
376,98057,1979-05-01,5419,402296.6666666667,41835.666666666664,8638842.666666666,479.71,9880998.0,548.6766666666666,0
377,99800,1979-06-01,6409,405011.3333333333,43276.333333333336,8733005.333333334,480.24,9991963.0,549.4633333333334,0
378,100814,1979-07-01,6282,407726.0,44717.0,8827168.0,480.77,10102928.0,550.25,0
379,100174,1979-08-01,6315,411624.3333333333,45644.0,8920146.333333334,481.5933333333333,10211062.333333334,551.2866666666666,0
380,99533,1979-09-01,5978,415522.6666666667,46571.0,9013124.666666666,482.4166666666667,10319196.666666666,552.3233333333334,0
381,100120,1979-10-01,5964,419421.0,47498.0,9106103.0,483.24,10427331.0,553.36,0
382,99907,1979-11-01,5964,423970.6666666667,49428.333333333336,9170587.666666666,481.26,10501487.333333334,551.1066666666667,0
383,100013,1979-12-01,6027,428520.3333333333,51358.666666666664,9235072.333333334,479.28000000000003,10575643.666666666,548.8533333333334,0
384,98111,1980-01-01,7234,433070.0,53289.0,9299557.0,477.3,10649800.0,546.6,1
385,98235,1980-02-01,7177,439998.3333333333,55678.333333333336,9415006.0,480.7033333333333,10771332.666666666,549.96,1
386,98527,1980-03-01,6983,446926.6666666667,58067.666666666664,9530455.0,484.1066666666667,10892865.333333334,553.3199999999999,1
387,98569,1980-04-01,7023,453855.0,60457.0,9645904.0,487.51,11014398.0,556.68,1
388,98732,1980-05-01,7501,455169.3333333333,62703.666666666664,9777384.0,488.5,11157878.333333334,557.4833333333333,1
389,99830,1980-06-01,8481,456483.6666666667,64950.333333333336,9908864.0,489.49,11301358.666666666,558.2866666666666,1
390,100665,1980-07-01,8603,457798.0,67197.0,10040344.0,490.48,11444839.0,559.09,1
391,100202,1980-08-01,8202,461824.0,70323.66666666667,10148822.333333334,489.5266666666667,11567468.0,557.9566666666667,0
392,99334,1980-09-01,7655,465850.0,73450.33333333333,10257300.666666666,488.5733333333333,11690097.0,556.8233333333334,0
393,99999,1980-10-01,7674,469876.0,76577.0,10365779.0,487.62,11812726.0,555.69,0
394,99850,1980-11-01,7682,475566.6666666667,78963.66666666667,10430897.0,486.78333333333336,11880926.0,554.46,0
395,99579,1980-12-01,7430,481257.3333333333,81350.33333333333,10496015.0,485.94666666666666,11949126.0,553.23,0
396,98139,1981-01-01,8746,486948.0,83737.0,10561133.0,485.11,12017326.0,552.0,0
397,98401,1981-02-01,8614,492434.6666666667,84249.33333333333,10656971.666666666,486.6333333333333,12125632.0,553.6966666666667,0
398,99364,1981-03-01,8271,497921.3333333333,84761.66666666667,10752810.333333334,488.1566666666667,12233938.0,555.3933333333333,0
399,100345,1981-04-01,7561,503408.0,85274.0,10848649.0,489.68,12342244.0,557.09,0
400,100855,1981-05-01,7731,506294.6666666667,87816.66666666667,10883514.0,485.18666666666667,12387439.0,552.2233333333334,0
401,101419,1981-06-01,8485,509181.3333333333,90359.33333333333,10918379.0,480.6933333333333,12432634.0,547.3566666666667,0
402,102612,1981-07-01,8130,512068.0,92902.0,10953244.0,476.2,12477829.0,542.49,1
403,102152,1981-08-01,7947,516625.6666666667,92981.33333333333,11057324.666666666,478.15,12592403.0,544.5366666666666,1
404,100389,1981-09-01,7884,521183.3333333333,93060.66666666667,11161405.333333334,480.1,12706977.0,546.5833333333334,1
405,101028,1981-10-01,8216,525741.0,93140.0,11265486.0,482.05,12821551.0,548.63,1
406,100502,1981-11-01,8676,529784.0,91554.33333333333,11311968.666666666,481.62666666666667,12869390.666666666,547.9366666666666,1
407,99562,1981-12-01,9013,533827.0,89968.66666666667,11358451.333333334,481.2033333333333,12917230.333333334,547.2433333333333,1
408,97831,1982-01-01,10183,537870.0,88383.0,11404934.0,480.78,12965070.0,546.55,1
409,97946,1982-02-01,10378,540815.3333333334,87135.66666666667,11450708.666666666,480.1766666666667,13018916.0,545.9399999999999,1
410,98471,1982-03-01,10290,543760.6666666666,85888.33333333333,11496483.333333334,479.5733333333333,13072762.0,545.33,1
411,98858,1982-04-01,9957,546706.0,84641.0,11542258.0,478.97,13126608.0,544.72,1
412,99957,1982-05-01,9957,551118.3333333334,82059.0,11615892.333333334,478.68333333333334,13203567.333333334,544.1166666666667,1
413,100683,1982-06-01,10886,555530.6666666666,79477.0,11689526.666666666,478.3966666666667,13280526.666666666,543.5133333333333,1
414,101490,1982-07-01,11036,559943.0,76895.0,11763161.0,478.11,13357486.0,542.91,1
415,101177,1982-08-01,10710,564495.0,74880.33333333333,11872353.333333334,480.17333333333335,13478246.666666666,545.1233333333333,1
416,99851,1982-09-01,10695,569047.0,72865.66666666667,11981545.666666666,482.2366666666667,13599007.333333334,547.3366666666666,1
417,99825,1982-10-01,10942,573599.0,70851.0,12090738.0,484.3,13719768.0,549.55,1
418,99379,1982-11-01,11476,576778.6666666666,69145.0,12203684.666666666,485.84000000000003,13830445.333333334,550.61,1
419,98849,1982-12-01,11628,579958.3333333334,67439.0,12316631.333333334,487.38,13941122.666666666,551.67,0
420,97262,1983-01-01,12517,583138.0,65733.0,12429578.0,488.92,14051800.0,552.73,0
421,97265,1983-02-01,12382,586761.6666666666,64833.0,12529433.0,490.16333333333336,14168690.0,554.29,0
422,97994,1983-03-01,11879,590385.3333333334,63933.0,12629288.0,491.40666666666664,14285580.0,555.85,0
423,98840,1983-04-01,11035,594009.0,63033.0,12729143.0,492.65,14402470.0,557.41,0
424,99543,1983-05-01,10765,598581.0,62818.333333333336,12782852.666666666,490.1633333333333,14475453.0,555.0566666666666,0
425,101813,1983-06-01,11570,603153.0,62603.666666666664,12836562.333333334,487.6766666666667,14548436.0,552.7033333333334,0
426,103273,1983-07-01,10707,607725.0,62389.0,12890272.0,485.19,14621419.0,550.35,0
427,103167,1983-08-01,10411,604050.0,62672.333333333336,12923867.0,481.93666666666667,14675883.333333334,547.26,0
428,102366,1983-09-01,9830,600375.0,62955.666666666664,12957462.0,478.68333333333334,14730347.666666666,544.1700000000001,0
429,102659,1983-10-01,9383,596700.0,63239.0,12991057.0,475.43,14784812.0,541.08,0
430,103018,1983-11-01,9129,601103.6666666666,64096.333333333336,13071030.0,473.62333333333333,14875579.0,539.0133333333333,0
431,102803,1983-12-01,8992,605507.3333333334,64953.666666666664,13151003.0,471.81666666666666,14966346.0,536.9466666666667,0
432,101270,1984-01-01,9755,609911.0,65811.0,13230976.0,470.01,15057113.0,534.88,0
433,101961,1984-02-01,9407,616494.3333333334,66848.66666666667,13307462.0,468.69,15155270.0,533.7633333333333,0
434,102770,1984-03-01,9057,623077.6666666666,67886.33333333333,13383948.0,467.37,15253427.0,532.6466666666666,0
435,103628,1984-04-01,8525,629661.0,68924.0,13460434.0,466.05,15351584.0,531.53,0
436,105096,1984-05-01,8154,633762.6666666666,68403.66666666667,13570706.666666666,466.61,15480437.333333334,532.2733333333333,0
437,106812,1984-06-01,8582,637864.3333333334,67883.33333333333,13680979.333333334,467.17,15609290.666666666,533.0166666666667,0
438,107484,1984-07-01,8714,641966.0,67363.0,13791252.0,467.73,15738144.0,533.76,0
439,106694,1984-08-01,8382,647101.6666666666,66563.66666666667,13885778.333333334,468.66333333333336,15855032.0,535.1266666666667,0
440,105792,1984-09-01,8051,652237.3333333334,65764.33333333333,13980304.666666666,469.59666666666664,15971920.0,536.4933333333333,0
441,106262,1984-10-01,7989,657373.0,64965.0,14074831.0,470.53,16088808.0,537.86,0
442,106246,1984-11-01,7869,660687.6666666666,64196.666666666664,14208147.666666666,473.49333333333334,16246872.666666666,541.4366666666667,0
443,106049,1984-12-01,7978,664002.3333333334,63428.333333333336,14341464.333333334,476.45666666666665,16404937.333333334,545.0133333333333,0
444,104344,1985-01-01,9131,667317.0,62660.0,14474781.0,479.42,16563002.0,548.59,0
445,104690,1985-02-01,8902,672255.3333333334,61360.0,14587512.0,478.6666666666667,16700932.0,548.0133333333333,0
446,105768,1985-03-01,8625,677193.6666666666,60060.0,14700243.0,477.91333333333336,16838862.0,547.4366666666667,0
447,106175,1985-04-01,8150,682132.0,58760.0,14812974.0,477.16,16976792.0,546.86,0
448,106880,1985-05-01,8011,688457.0,57968.0,14882012.0,478.57,17076501.666666668,549.1366666666667,0
449,107819,1985-06-01,8753,694782.0,57176.0,14951050.0,479.98,17176211.333333332,551.4133333333334,0
450,108854,1985-07-01,8682,701107.0,56384.0,15020088.0,481.39,17275921.0,553.69,0
451,108628,1985-08-01,8051,704739.3333333334,55311.333333333336,15187307.666666666,483.8066666666667,17480966.333333332,556.87,0
452,107867,1985-09-01,7984,708371.6666666666,54238.666666666664,15354527.333333334,486.2233333333333,17686011.666666668,560.0500000000001,0
453,108428,1985-10-01,7917,712004.0,53166.0,15521747.0,488.64,17891057.0,563.23,0
454,108282,1985-11-01,7815,713938.0,51575.333333333336,15686909.666666666,490.42333333333335,18064252.333333332,564.7566666666667,0
455,108063,1985-12-01,7717,715872.0,49984.666666666664,15852072.333333334,492.20666666666665,18237447.666666668,566.2833333333333,0
456,106959,1986-01-01,8472,717806.0,48394.0,16017235.0,493.99,18410643.0,567.81,0
457,106685,1986-02-01,9041,722896.0,46764.0,16143666.666666666,495.97333333333336,18558976.666666668,570.18,0
458,107643,1986-03-01,8667,727986.0,45134.0,16270098.333333334,497.95666666666665,18707310.333333332,572.55,0
459,108201,1986-04-01,8115,733076.0,43504.0,16396530.0,499.94,18855644.0,574.92,0
460,109041,1986-05-01,8158,738025.0,42567.666666666664,16458237.333333334,500.00333333333333,18946183.333333332,575.5833333333333,0
461,110869,1986-06-01,8775,742974.0,41631.333333333336,16519944.666666666,500.06666666666666,19036722.666666668,576.2466666666667,0
462,111832,1986-07-01,8471,747923.0,40695.0,16581652.0,500.13,19127262.0,576.91,0
463,111515,1986-08-01,7955,749665.6666666666,39004.0,16771829.666666666,504.8066666666667,19346491.666666668,582.3,0
464,110229,1986-09-01,8015,751408.3333333334,37313.0,16962007.333333332,509.4833333333333,19565721.333333332,587.69,0
465,110857,1986-10-01,7842,753151.0,35622.0,17152185.0,514.16,19784951.0,593.08,0
466,110751,1986-11-01,7872,755776.3333333334,36298.333333333336,17360071.0,517.4433333333333,19994667.666666668,595.98,0
467,110588,1986-12-01,7461,758401.6666666666,36974.666666666664,17567957.0,520.7266666666667,20204384.333333332,598.88,0
468,109084,1987-01-01,8620,761027.0,37651.0,17775843.0,524.01,20414101.0,601.78,0
469,109464,1987-02-01,8503,764605.6666666666,39048.0,17872123.666666668,526.99,20541478.333333332,605.6966666666666,0
470,110229,1987-03-01,8124,768184.3333333334,40445.0,17968404.333333332,529.97,20668855.666666668,609.6133333333333,0
471,111041,1987-04-01,7306,771763.0,41842.0,18064685.0,532.95,20796233.0,613.53,0
472,112377,1987-05-01,7318,773792.0,42322.666666666664,18204055.666666668,532.1800000000001,20961529.333333332,612.7833333333333,0
473,113498,1987-06-01,7655,775821.0,42803.333333333336,18343426.333333332,531.41,21126825.666666668,612.0366666666666,0
474,114652,1987-07-01,7453,777850.0,43284.0,18482797.0,530.64,21292122.0,611.29,0
475,114527,1987-08-01,7088,784210.3333333334,44639.0,18460293.333333332,526.0,21291780.0,606.6666666666666,0
476,113027,1987-09-01,6857,790570.6666666666,45994.0,18437789.666666668,521.36,21291438.0,602.0433333333333,0
477,113898,1987-10-01,6845,796931.0,47349.0,18415286.0,516.72,21291096.0,597.42,0
478,113809,1987-11-01,6802,799076.6666666666,47863.0,18584282.333333332,517.2333333333333,21475064.666666668,597.6999999999999,0
479,113679,1987-12-01,6526,801222.3333333334,48377.0,18753278.666666668,517.7466666666667,21659033.333333332,597.98,0
480,112139,1988-01-01,7603,803368.0,48891.0,18922275.0,518.26,21843002.0,598.26,0
481,112460,1988-02-01,7482,806321.3333333334,49339.333333333336,19067085.666666668,518.32,22016390.333333332,598.4966666666667,0
482,112867,1988-03-01,7090,809274.6666666666,49787.666666666664,19211896.333333332,518.38,22189778.666666668,598.7333333333333,0
483,113905,1988-04-01,6359,812228.0,50236.0,19356707.0,518.44,22363167.0,598.97,0
484,114222,1988-05-01,6553,814849.0,50335.0,19464245.0,517.4333333333334,22497700.666666668,598.0766666666667,0
485,116209,1988-06-01,6819,817470.0,50434.0,19571783.0,516.4266666666666,22632234.333333332,597.1833333333333,0
486,117066,1988-07-01,6823,820091.0,50533.0,19679321.0,515.42,22766768.0,596.29,0
487,116737,1988-08-01,6659,828770.6666666666,50839.0,19844872.0,516.3466666666667,22957150.666666668,597.3299999999999,0
488,115474,1988-09-01,6368,837450.3333333334,51145.0,20010423.0,517.2733333333333,23147533.333333332,598.37,0
489,116250,1988-10-01,6182,846130.0,51451.0,20175974.0,518.2,23337916.0,599.41,0
490,116314,1988-11-01,6325,848337.3333333334,51161.333333333336,20320147.333333332,518.0300000000001,23496954.666666668,599.02,0
491,115978,1988-12-01,6142,850544.6666666666,50871.666666666664,20464320.666666668,517.86,23655993.333333332,598.63,0
492,114786,1989-01-01,7309,852752.0,50582.0,20608494.0,517.69,23815032.0,598.24,0
493,115023,1989-02-01,6883,861359.0,50807.666666666664,20749251.666666668,519.4533333333334,23985252.333333332,600.4666666666667,0
494,115844,1989-03-01,6378,869966.0,51033.333333333336,20890009.333333332,521.2166666666667,24155472.666666668,602.6933333333333,0
495,116347,1989-04-01,6229,878573.0,51259.0,21030767.0,522.98,24325693.0,604.92,0
496,117039,1989-05-01,6156,882227.6666666666,51962.0,21211376.666666668,525.2566666666667,24534405.333333332,607.55,0
497,118719,1989-06-01,6850,885882.3333333334,52665.0,21391986.333333332,527.5333333333333,24743117.666666668,610.18,0
498,119502,1989-07-01,6736,889537.0,53368.0,21572596.0,529.81,24951830.0,612.81,0
499,119092,1989-08-01,6352,894642.3333333334,53563.0,21705638.0,530.15,25112688.666666668,613.3666666666667,0
500,117498,1989-09-01,6330,899747.6666666666,53758.0,21838680.0,530.49,25273547.333333332,613.9233333333333,0
501,118194,1989-10-01,6222,904853.0,53953.0,21971722.0,530.83,25434406.0,614.48,0
502,118168,1989-11-01,6495,911771.3333333334,54972.0,21986129.333333332,527.25,25471542.666666668,610.8233333333334,0
503,117698,1989-12-01,6300,918689.6666666666,55991.0,22000536.666666668,523.6700000000001,25508679.333333332,607.1666666666666,0
504,116944,1990-01-01,7413,925608.0,57010.0,22014944.0,520.09,25545816.0,603.51,0
505,117192,1990-02-01,7296,931207.0,57910.333333333336,22112857.333333332,519.5466666666667,25668095.666666668,603.0766666666667,0
506,117986,1990-03-01,6852,936806.0,58810.666666666664,22210770.666666668,519.0033333333333,25790375.333333332,602.6433333333333,0
507,118218,1990-04-01,6620,942405.0,59711.0,22308684.0,518.46,25912655.0,602.21,0
508,119148,1990-05-01,6533,945273.3333333334,59695.333333333336,22266216.666666668,515.2933333333333,25891407.333333332,599.1766666666667,0
509,120523,1990-06-01,6884,948141.6666666666,59679.666666666664,22223749.333333332,512.1266666666667,25870159.666666668,596.1433333333333,0
510,120882,1990-07-01,7137,951010.0,59664.0,22181282.0,508.96,25848912.0,593.11,1
511,120096,1990-08-01,7008,958580.3333333334,59202.0,22331983.0,511.5333333333333,26021835.333333332,596.05,1
512,118782,1990-09-01,7003,966150.6666666666,58740.0,22482684.0,514.1066666666666,26194758.666666668,598.99,1
513,119175,1990-10-01,6892,973721.0,58278.0,22633385.0,516.68,26367682.0,601.93,1
514,118463,1990-11-01,7396,980170.6666666666,57911.333333333336,22802045.666666668,519.0766666666666,26544957.0,604.2866666666666,1
515,118110,1990-12-01,7525,986620.3333333334,57544.666666666664,22970706.333333332,521.4733333333334,26722232.0,606.6433333333333,1
516,115837,1991-01-01,8787,993070.0,57178.0,23139367.0,523.87,26899507.0,609.0,1
517,115941,1991-02-01,9121,995569.0,57034.333333333336,23168556.333333332,522.2833333333333,26950477.666666668,607.5333333333333,1
518,116440,1991-03-01,8995,998068.0,56890.666666666664,23197745.666666668,520.6966666666667,27001448.333333332,606.0666666666667,1
519,117472,1991-04-01,8226,1000567.0,56747.0,23226935.0,519.11,27052419.0,604.6,0
520,117428,1991-05-01,8435,1003786.6666666666,56094.333333333336,23337893.0,519.74,27177427.0,605.24,0
521,119151,1991-06-01,8992,1007006.3333333334,55441.666666666664,23448851.0,520.37,27302435.0,605.88,0
522,119666,1991-07-01,8792,1010226.0,54789.0,23559809.0,521.0,27427443.0,606.52,0
523,118758,1991-08-01,8439,1012005.6666666666,53984.333333333336,23749841.333333332,522.5466666666666,27645410.0,608.2533333333333,0
524,118156,1991-09-01,8270,1013785.3333333334,53179.666666666664,23939873.666666668,524.0933333333334,27863377.0,609.9866666666667,0
525,118404,1991-10-01,8232,1015565.0,52375.0,24129906.0,525.64,28081344.0,611.72,0
526,117972,1991-11-01,8494,1019347.0,52971.0,24135809.333333332,521.38,28094013.666666668,606.8866666666667,0
527,117395,1991-12-01,8755,1023129.0,53567.0,24141712.666666668,517.12,28106683.333333332,602.0533333333334,0
528,115928,1992-01-01,10186,1026911.0,54163.0,24147616.0,512.86,28119353.0,597.22,0
529,116024,1992-02-01,10401,1030501.6666666666,54235.0,24187546.333333332,510.99,28173982.0,595.21,0
530,116929,1992-03-01,9913,1034092.3333333334,54307.0,24227476.666666668,509.12,28228611.0,593.2,0
531,117776,1992-04-01,9135,1037683.0,54379.0,24267407.0,507.25,28283240.0,591.19,0
532,118388,1992-05-01,9389,1045076.0,54306.0,24395790.0,508.11,28434232.0,592.22,0
533,119831,1992-06-01,10366,1052469.0,54233.0,24524173.0,508.96999999999997,28585224.0,593.25,0
534,120744,1992-07-01,10099,1059862.0,54160.0,24652556.0,509.83,28736216.0,594.28,0
535,120070,1992-08-01,9605,1062933.3333333333,54780.333333333336,24853371.666666668,512.0133333333333,28961430.333333332,596.6433333333333,0
536,118880,1992-09-01,9316,1066004.6666666667,55400.666666666664,25054187.333333332,514.1966666666667,29186644.666666668,599.0066666666667,0
537,119185,1992-10-01,8813,1069076.0,56021.0,25255003.0,516.38,29411859.0,601.37,0
538,119159,1992-11-01,9086,1067161.0,55469.666666666664,25368081.666666668,517.0,29527668.0,601.77,0
539,118990,1992-12-01,9045,1065246.0,54918.333333333336,25481160.333333332,517.62,29643477.0,602.1700000000001,0
540,117027,1993-01-01,10158,1063331.0,54367.0,25594239.0,518.24,29759286.0,602.57,0
541,117646,1993-02-01,10004,1064178.3333333333,54209.0,25689985.0,518.4733333333334,29877845.666666668,602.9866666666667,0
542,118350,1993-03-01,9478,1065025.6666666667,54051.0,25785731.0,518.7066666666667,29996405.333333332,603.4033333333334,0
543,118781,1993-04-01,8835,1065873.0,53893.0,25881477.0,518.94,30114965.0,603.82,0
544,120142,1993-05-01,8807,1069494.6666666667,54124.666666666664,26027431.333333332,520.96,30289934.333333332,606.2733333333333,0
545,121587,1993-06-01,9473,1073116.3333333333,54356.333333333336,26173385.666666668,522.98,30464903.666666668,608.7266666666667,0
546,122352,1993-07-01,9223,1076738.0,54588.0,26319340.0,525.0,30639873.0,611.18,0
547,122018,1993-08-01,8655,1079897.6666666667,55143.666666666664,26471537.666666668,525.7933333333333,30823483.666666668,612.23,0
548,120673,1993-09-01,8302,1083057.3333333333,55699.333333333336,26623735.333333332,526.5866666666667,31007094.333333332,613.28,0
549,121389,1993-10-01,8296,1086217.0,56255.0,26775933.0,527.38,31190705.0,614.33,0
550,121568,1993-11-01,8094,1087364.0,56580.0,26831423.0,526.7033333333334,31257103.0,613.5766666666667,0
551,121578,1993-12-01,7959,1088511.0,56905.0,26886913.0,526.0266666666666,31323501.0,612.8233333333334,0
552,119901,1994-01-01,9492,1089658.0,57230.0,26942403.0,525.35,31389899.0,612.07,0
553,120503,1994-02-01,9262,1092805.0,57343.0,27012838.333333332,524.01,31488949.0,610.8366666666667,0
554,120844,1994-03-01,8874,1095952.0,57456.0,27083273.666666668,522.6700000000001,31587999.0,609.6033333333334,0
555,121604,1994-04-01,8078,1099099.0,57569.0,27153709.0,521.33,31687049.0,608.37,0
556,122946,1994-05-01,7656,1106522.0,57974.0,27287342.0,521.6133333333333,31850528.0,608.8433333333334,0
557,123864,1994-06-01,8251,1113945.0,58379.0,27420975.0,521.8966666666666,32014007.0,609.3166666666666,0
558,124503,1994-07-01,8281,1121368.0,58784.0,27554608.0,522.18,32177486.0,609.79,0
559,124493,1994-08-01,7868,1121671.6666666667,58407.0,27628159.666666668,520.29,32291309.333333332,608.1,0
560,123775,1994-09-01,7379,1121975.3333333333,58030.0,27701711.333333332,518.4,32405132.666666668,606.41,0
561,124724,1994-10-01,7155,1122279.0,57653.0,27775263.0,516.51,32518956.0,604.72,0
562,124896,1994-11-01,6973,1125062.0,56622.333333333336,27962884.333333332,517.6766666666666,32716884.666666668,605.69,0
563,124729,1994-12-01,6690,1127845.0,55591.666666666664,28150505.666666668,518.8433333333334,32914813.333333332,606.66,0
564,122597,1995-01-01,8101,1130628.0,54561.0,28338127.0,520.01,33112742.0,607.63,0
565,123343,1995-02-01,7685,1134584.3333333333,55420.0,28536176.666666668,522.1366666666667,33341756.666666668,610.07,0
566,123943,1995-03-01,7480,1138540.6666666667,56279.0,28734226.333333332,524.2633333333333,33570771.333333336,612.51,0
567,124278,1995-04-01,7378,1142497.0,57138.0,28932276.0,526.39,33799786.0,614.95,0
568,124554,1995-05-01,7185,1144512.0,57799.333333333336,29086969.333333332,526.8833333333333,33992616.333333336,615.7433333333333,0
569,125720,1995-06-01,7727,1146527.0,58460.666666666664,29241662.666666668,527.3766666666667,34185446.666666664,616.5366666666667,0
570,126548,1995-07-01,7892,1148542.0,59122.0,29396356.0,527.87,34378277.0,617.33,0
571,125926,1995-08-01,7457,1147463.0,59262.0,29635671.666666668,530.3666666666667,34649451.0,620.0933333333334,0
572,125173,1995-09-01,7167,1146384.0,59402.0,29874987.333333332,532.8633333333333,34920625.0,622.8566666666667,0
573,125979,1995-10-01,6884,1145305.0,59542.0,30114303.0,535.36,35191799.0,625.62,0
574,125599,1995-11-01,7024,1148363.0,61263.333333333336,29956526.666666668,529.9733333333334,35057847.666666664,620.21,0
575,125136,1995-12-01,6872,1151421.0,62984.666666666664,29798750.333333332,524.5866666666667,34923896.333333336,614.8,0
576,123126,1996-01-01,8270,1154479.0,64706.0,29640974.0,519.2,34789945.0,609.39,0
577,124137,1996-02-01,7858,1159622.3333333333,65484.666666666664,29822125.666666668,519.6333333333333,35004748.333333336,609.9399999999999,0
578,124992,1996-03-01,7700,1164765.6666666667,66263.33333333333,30003277.333333332,520.0666666666667,35219551.666666664,610.49,0
579,125388,1996-04-01,7124,1169909.0,67042.0,30184429.0,520.5,35434355.0,611.04,0
580,126391,1996-05-01,7166,1171843.6666666667,68358.0,30303200.0,520.45,35586122.0,611.1866666666666,0
581,127706,1996-06-01,7377,1173778.3333333333,69674.0,30421971.0,520.4,35737889.0,611.3333333333334,0
582,128579,1996-07-01,7693,1175713.0,70990.0,30540742.0,520.35,35889656.0,611.48,0
583,128143,1996-08-01,6868,1180960.0,71783.66666666667,31106242.666666668,527.83,36488961.333333336,619.1733333333333,0
584,127529,1996-09-01,6700,1186207.0,72577.33333333333,31671743.333333332,535.31,37088266.666666664,626.8666666666667,0
585,128439,1996-10-01,6577,1191454.0,73371.0,32237244.0,542.79,37687572.0,634.56,0
586,128157,1996-11-01,6816,1193192.6666666667,74976.0,32333948.333333332,541.9666666666667,37798437.0,633.56,0
587,127903,1996-12-01,6680,1194931.3333333333,76581.0,32430652.666666668,541.1433333333333,37909302.0,632.56,0
588,126384,1997-01-01,7933,1196670.0,78186.0,32527357.0,540.32,38020167.0,631.56,0
589,126887,1997-02-01,7647,1203969.6666666667,78502.66666666667,32988888.666666668,545.9166666666667,38513994.0,637.3533333333334,0
590,128125,1997-03-01,7399,1211269.3333333333,78819.33333333333,33450420.333333332,551.5133333333333,39007821.0,643.1466666666666,0
591,128629,1997-04-01,6551,1218569.0,79136.0,33911952.0,557.11,39501648.0,648.94,0
592,129565,1997-05-01,6398,1220299.6666666667,79270.33333333333,34263100.333333336,560.1433333333333,39893295.0,652.1933333333334,0
593,130463,1997-06-01,7094,1222030.3333333333,79404.66666666667,34614248.666666664,563.1766666666667,40284942.0,655.4466666666667,0
594,131350,1997-07-01,6981,1223761.0,79539.0,34965397.0,566.21,40676589.0,658.7,0
595,130865,1997-08-01,6594,1230211.6666666667,78694.33333333333,35174433.0,566.2066666666667,40917929.333333336,658.6666666666667,0
596,129972,1997-09-01,6403,1236662.3333333333,77849.66666666667,35383469.0,566.2033333333334,41159269.666666664,658.6333333333333,0
597,130671,1997-10-01,5995,1243113.0,77005.0,35592505.0,566.2,41400610.0,658.6,0
598,130999,1997-11-01,5914,1241005.6666666667,74731.33333333333,36135634.333333336,570.7166666666667,41962717.333333336,662.7666666666667,0
599,130785,1997-12-01,5957,1238898.3333333333,72457.66666666667,36678763.666666664,575.2333333333333,42524824.666666664,666.9333333333334,0
600,128882,1998-01-01,7069,1236791.0,70184.0,37221893.0,579.75,43086932.0,671.1,0
601,129482,1998-02-01,6804,1245402.0,69217.0,37458292.333333336,580.36,43370131.0,671.9533333333334,0
602,130150,1998-03-01,6816,1254013.0,68250.0,37694691.666666664,580.97,43653330.0,672.8066666666666,0
603,130735,1998-04-01,5643,1262624.0,67283.0,37931091.0,581.58,43936529.0,673.66,0
604,131476,1998-05-01,5764,1266110.3333333333,66263.33333333333,37714237.666666664,575.8000000000001,43758620.0,668.0733333333333,0
605,132265,1998-06-01,6534,1269596.6666666667,65243.666666666664,37497384.333333336,570.02,43580711.0,662.4866666666667,0
606,132769,1998-07-01,6567,1273083.0,64224.0,37280531.0,564.24,43402802.0,656.9,0
607,132206,1998-08-01,6173,1281366.0,64491.333333333336,37961366.666666664,572.5533333333333,44132741.666666664,665.64,0
608,131864,1998-09-01,6039,1289649.0,64758.666666666664,38642202.333333336,580.8666666666667,44862681.333333336,674.38,0
609,132424,1998-10-01,5831,1297932.0,65026.0,39323038.0,589.18,45592621.0,683.12,0
610,132577,1998-11-01,5711,1302644.6666666667,63489.0,39423043.333333336,588.2033333333333,45722181.0,682.19,0
611,132732,1998-12-01,5565,1307357.3333333333,61952.0,39523048.666666664,587.2266666666667,45851741.0,681.26,0
612,131339,1999-01-01,6604,1312070.0,60415.0,39623054.0,586.25,45981301.0,680.33,0
613,131639,1999-02-01,6563,1318795.0,61062.666666666664,39998460.666666664,590.5366666666666,46408831.333333336,685.1833333333334,0
614,132299,1999-03-01,6119,1325520.0,61710.333333333336,40373867.333333336,594.8233333333334,46836361.666666664,690.0366666666666,0
615,132552,1999-04-01,5688,1332245.0,62358.0,40749274.0,599.11,47263892.0,694.89,0
616,133411,1999-05-01,5507,1342811.0,62942.666666666664,40751774.0,596.66,47320306.0,692.8266666666667,0
617,134395,1999-06-01,6271,1353377.0,63527.333333333336,40754274.0,594.21,47376720.0,690.7633333333333,0
618,134800,1999-07-01,6319,1363943.0,64112.0,40756774.0,591.76,47433134.0,688.7,0
619,134264,1999-08-01,5826,1375112.3333333333,65164.666666666664,41606233.333333336,600.1633333333333,48340160.0,697.3166666666667,0
620,133555,1999-09-01,5661,1386281.6666666667,66217.33333333333,42455692.666666664,608.5666666666667,49247186.0,705.9333333333333,0
621,134390,1999-10-01,5372,1397451.0,67270.0,43305152.0,616.97,50154212.0,714.55,0
622,134515,1999-11-01,5380,1398547.3333333333,70174.66666666667,43672647.666666664,616.9166666666666,50557376.0,714.1733333333333,0
623,134696,1999-12-01,5245,1399643.6666666667,73079.33333333333,44040143.333333336,616.8633333333333,50960540.0,713.7966666666666,0
624,134912,2000-01-01,6316,1400740.0,75984.0,44407639.0,616.81,51363704.0,713.42,0
625,135490,2000-02-01,6284,1412729.0,77763.33333333333,44430889.333333336,613.7566666666667,51435850.333333336,710.51,0
626,136054,2000-03-01,6069,1424718.0,79542.66666666667,44454139.666666664,610.7033333333333,51507996.666666664,707.6,0
627,136927,2000-04-01,5212,1436707.0,81322.0,44477390.0,607.65,51580143.0,704.69,0
628,136685,2000-05-01,5460,1439762.6666666667,83217.66666666667,44698997.333333336,606.6999999999999,51863531.666666664,703.94,0
629,137915,2000-06-01,5959,1442818.3333333333,85113.33333333333,44920604.666666664,605.75,52146920.333333336,703.19,0
630,137769,2000-07-01,6028,1445874.0,87009.0,45142212.0,604.8,52430309.0,702.44,0
631,137308,2000-08-01,5863,1452926.3333333333,88159.66666666667,44964890.0,599.98,52298990.0,697.8333333333334,0
632,136790,2000-09-01,5359,1459978.6666666667,89310.33333333333,44787568.0,595.16,52167671.0,693.2266666666667,0
633,137532,2000-10-01,5153,1467031.0,90461.0,44610246.0,590.34,52036352.0,688.62,0
634,137461,2000-11-01,5336,1479812.6666666667,97217.66666666667,44550840.666666664,586.57,51995199.666666664,684.5866666666667,0
635,137846,2000-12-01,5264,1492594.3333333333,103974.33333333333,44491435.333333336,582.8,51954047.333333336,680.5533333333333,0
636,136181,2001-01-01,6647,1505376.0,110731.0,44432030.0,579.03,51912895.0,676.52,0
637,136577,2001-02-01,6523,1513188.3333333333,110540.0,44855973.0,583.7833333333333,52404342.666666664,682.0233333333333,0
638,137155,2001-03-01,6509,1521000.6666666667,110349.0,45279916.0,588.5366666666666,52895790.333333336,687.5266666666666,1
639,137022,2001-04-01,6004,1528813.0,110158.0,45703859.0,593.29,53387238.0,693.03,1
640,137121,2001-05-01,5901,1535851.0,107638.33333333333,45357438.666666664,584.38,53125638.666666664,684.4366666666666,1
641,137737,2001-06-01,6816,1542889.0,105118.66666666667,45011018.333333336,575.4699999999999,52864039.333333336,675.8433333333334,1
642,138239,2001-07-01,6858,1549927.0,102599.0,44664598.0,566.56,52602440.0,667.25,1
643,136809,2001-08-01,7017,1556113.6666666667,97028.0,45172463.333333336,576.2133333333333,53153495.0,678.0133333333333,1
644,136835,2001-09-01,6766,1562300.3333333333,91457.0,45680328.666666664,585.8666666666667,53704550.0,688.7766666666666,1
645,136885,2001-10-01,7175,1568487.0,85886.0,46188194.0,595.52,54255605.0,699.54,1
646,136370,2001-11-01,7617,1580755.3333333333,84065.33333333333,46411933.333333336,593.3033333333333,54524333.666666664,697.0066666666667,1
647,136269,2001-12-01,7773,1593023.6666666667,82244.66666666667,46635672.666666664,591.0866666666667,54793062.333333336,694.4733333333334,0
648,134177,2002-01-01,9051,1605292.0,80424.0,46859412.0,588.87,55061791.0,691.94,0
649,135443,2002-02-01,8823,1615538.6666666667,81451.66666666667,46658790.666666664,583.39,54924536.0,686.72,0
650,135558,2002-03-01,8776,1625785.3333333333,82479.33333333333,46458169.333333336,577.91,54787281.0,681.5,0
651,135903,2002-04-01,8255,1636032.0,83507.0,46257548.0,572.43,54650026.0,676.28,0
652,136559,2002-05-01,7969,1642084.3333333333,84793.66666666667,45898937.0,566.81,54365828.0,671.3566666666667,0
653,137181,2002-06-01,8758,1648136.6666666667,86080.33333333333,45540326.0,561.19,54081630.0,666.4333333333333,0
654,137495,2002-07-01,8693,1654189.0,87367.0,45181715.0,555.57,53797432.0,661.51,0
655,137295,2002-08-01,8271,1665380.0,89921.66666666667,45490784.0,557.3466666666667,54189316.0,663.92,0
656,137377,2002-09-01,7790,1676571.0,92476.33333333333,45799853.0,559.1233333333333,54581200.0,666.33,0
657,137551,2002-10-01,7769,1687762.0,95031.0,46108922.0,560.9,54973084.0,668.74,0
658,136684,2002-11-01,8170,1696807.6666666667,98927.0,46186575.0,560.3733333333333,55113967.666666664,668.6933333333334,0
659,136599,2002-12-01,8209,1705853.3333333333,102823.0,46264228.0,559.8466666666667,55254851.333333336,668.6466666666666,0
660,135907,2003-01-01,9395,1714899.0,106719.0,46341881.0,559.32,55395735.0,668.6,0
661,136433,2003-02-01,9260,1723433.3333333333,107058.0,46988737.0,564.7533333333333,56171923.666666664,675.13,0
662,136783,2003-03-01,9018,1731967.6666666667,107397.0,47635593.0,570.1866666666667,56948112.333333336,681.6600000000001,0
663,137424,2003-04-01,8501,1740502.0,107736.0,48282449.0,575.62,57724301.0,688.19,0
664,137567,2003-05-01,8500,1744121.6666666667,108738.0,48582333.666666664,574.6633333333333,58109851.666666664,687.36,0
665,138468,2003-06-01,9649,1747741.3333333333,109740.0,48882218.333333336,573.7066666666667,58495402.333333336,686.5300000000001,0
666,138503,2003-07-01,9319,1751361.0,110742.0,49182103.0,572.75,58880953.0,685.7,0
667,138137,2003-08-01,8830,1760490.6666666667,110931.66666666667,49820192.0,578.6766666666666,59605361.333333336,692.34,0
668,137731,2003-09-01,8436,1769620.3333333333,111121.33333333333,50458281.0,584.6033333333334,60329769.666666664,698.98,0
669,138619,2003-10-01,8169,1778750.0,111311.0,51096370.0,590.53,61054178.0,705.62,0
670,138700,2003-11-01,8269,1789924.3333333333,114970.0,51931597.666666664,597.68,61954513.666666664,713.0466666666666,0
671,138556,2003-12-01,7945,1801098.6666666667,118629.0,52766825.333333336,604.83,62854849.333333336,720.4733333333334,0
672,136924,2004-01-01,9144,1812273.0,122288.0,53602053.0,611.98,63755185.0,727.9,0
673,137384,2004-02-01,8770,1820652.3333333333,123932.33333333333,53889823.0,611.7933333333333,64148592.333333336,728.2533333333333,0
674,137691,2004-03-01,8834,1829031.6666666667,125576.66666666667,54177593.0,611.6066666666667,64541999.666666664,728.6066666666667,0
675,138423,2004-04-01,7837,1837411.0,127221.0,54465363.0,611.42,64935407.0,728.96,0
676,138867,2004-05-01,7792,1847033.0,127690.33333333333,54903436.0,613.9866666666667,65467110.666666664,732.1233333333333,0
677,139861,2004-06-01,8616,1856655.0,128159.66666666667,55341509.0,616.5533333333333,65998814.333333336,735.2866666666667,0
678,140700,2004-07-01,8518,1866277.0,128629.0,55779582.0,619.12,66530518.0,738.45,0
679,140226,2004-08-01,7940,1874757.6666666667,132964.33333333334,56505864.0,622.9166666666666,67375764.66666667,742.75,0
680,139641,2004-09-01,7545,1883238.3333333333,137299.66666666666,57232146.0,626.7133333333334,68221011.33333333,747.0500000000001,0
681,140447,2004-10-01,7531,1891719.0,141635.0,57958428.0,630.51,69066258.0,751.35,0
682,140581,2004-11-01,7665,1902671.6666666667,146394.0,58256034.0,635.4333333333333,69433720.0,757.3566666666667,0
683,140278,2004-12-01,7599,1913624.3333333333,151153.0,58553640.0,640.3566666666667,69801182.0,763.3633333333333,0
684,138682,2005-01-01,8444,1924577.0,155912.0,58851246.0,645.28,70168644.0,769.37,0
685,139100,2005-02-01,8549,1930389.6666666667,158986.66666666666,59372799.666666664,647.6233333333333,70801951.66666667,772.29,0
686,139759,2005-03-01,7986,1936202.3333333333,162061.33333333334,59894353.333333336,649.9666666666666,71435259.33333333,775.21,0
687,140939,2005-04-01,7335,1942015.0,165136.0,60415907.0,652.31,72068567.0,778.13,0
688,141591,2005-05-01,7287,1953712.3333333333,169144.33333333334,60992237.666666664,655.3299999999999,72765369.0,781.83,0
689,142456,2005-06-01,7870,1965409.6666666667,173152.66666666666,61568568.333333336,658.35,73462171.0,785.53,0
690,143283,2005-07-01,7839,1977107.0,177161.0,62144899.0,661.37,74158973.0,789.23,0
691,143142,2005-08-01,7327,1986208.0,187057.0,62614270.666666664,662.5966666666667,74728244.0,790.79,0
692,142579,2005-09-01,7259,1995309.0,196953.0,63083642.333333336,663.8233333333333,75297515.0,792.35,0
693,143340,2005-10-01,6964,2004410.0,206849.0,63553014.0,665.05,75866786.0,793.91,0
694,142968,2005-11-01,7271,2016407.0,209289.33333333334,64201873.666666664,666.5233333333333,76635706.0,795.61,0
695,142918,2005-12-01,6956,2028404.0,211729.66666666666,64850733.333333336,667.9966666666667,77404626.0,797.31,0
696,141481,2006-01-01,7608,2040401.0,214170.0,65499593.0,669.47,78173546.0,799.01,0
697,141994,2006-02-01,7692,2046518.3333333333,211720.66666666666,65592728.333333336,667.6466666666666,78386210.0,797.8566666666667,0
698,142772,2006-03-01,7255,2052635.6666666667,209271.33333333334,65685863.666666664,665.8233333333334,78598874.0,796.7033333333333,0
699,143405,2006-04-01,6804,2058753.0,206822.0,65778999.0,664.0,78811538.0,795.55,0
700,144041,2006-05-01,6655,2065903.0,208368.0,66172176.0,666.0333333333333,79314067.0,798.3033333333333,0
701,145216,2006-06-01,7341,2073053.0,209914.0,66565353.0,668.0666666666667,79816596.0,801.0566666666666,0
702,145606,2006-07-01,7602,2080203.0,211460.0,66958530.0,670.1,80319125.0,803.81,0
703,145379,2006-08-01,7086,2090954.0,210230.33333333334,67431567.0,672.46,80881135.33333333,806.5866666666666,0
704,145010,2006-09-01,6625,2101705.0,209000.66666666666,67904604.0,674.8199999999999,81443145.66666667,809.3633333333333,0
705,146125,2006-10-01,6272,2112456.0,207771.0,68377641.0,677.18,82005156.0,812.14,0
706,146014,2006-11-01,6576,2123039.6666666665,201720.66666666666,68713073.33333333,676.7033333333333,82402847.33333333,811.5233333333333,0
707,146081,2006-12-01,6491,2133623.3333333335,195670.33333333334,69048505.66666667,676.2266666666667,82800538.66666667,810.9066666666666,0
708,144275,2007-01-01,7649,2144207.0,189620.0,69383938.0,675.75,83198230.0,810.29,0
709,144479,2007-02-01,7400,2156242.6666666665,195450.0,69614278.0,674.9666666666667,83527186.0,809.86,0
710,145323,2007-03-01,6913,2168278.3333333335,201280.0,69844618.0,674.1833333333333,83856142.0,809.43,0
711,145297,2007-04-01,6532,2180314.0,207110.0,70074958.0,673.4,84185098.0,809.0,0
712,145864,2007-05-01,6486,2191124.0,206649.33333333334,70365621.66666667,674.5366666666666,84556261.66666667,810.5733333333334,0
713,146958,2007-06-01,7295,2201934.0,206188.66666666666,70656285.33333333,675.6733333333333,84927425.33333333,812.1466666666666,0
714,147315,2007-07-01,7556,2212744.0,205728.0,70946949.0,676.81,85298589.0,813.72,0
715,146406,2007-08-01,7088,2227450.3333333335,207861.66666666666,70669956.66666667,671.6533333333333,85087203.66666667,808.6666666666666,0
716,146448,2007-09-01,6952,2242156.6666666665,209995.33333333334,70392964.33333333,666.4966666666667,84875818.33333333,803.6133333333333,0
717,146743,2007-10-01,6773,2256863.0,212129.0,70115972.0,661.34,84664433.0,798.56,0
718,147118,2007-11-01,6917,2270573.6666666665,216551.33333333334,69401665.66666667,651.9766666666667,83990357.0,789.01,0
719,146334,2007-12-01,7371,2284284.3333333335,220973.66666666666,68687359.33333333,642.6133333333333,83316281.0,779.4599999999999,1
720,144607,2008-01-01,8221,2297995.0,225396.0,67973053.0,633.25,82642205.0,769.91,1
721,144550,2008-02-01,7953,2313348.3333333335,235173.66666666666,67594477.66666667,623.5733333333334,82249158.66666667,758.75,1
722,145108,2008-03-01,8027,2328701.6666666665,244951.33333333334,67215902.33333333,613.8966666666666,81856112.33333333,747.5899999999999,1
723,145921,2008-04-01,7287,2344055.0,254729.0,66837327.0,604.22,81463066.0,736.43,1
724,145927,2008-05-01,8076,2359800.6666666665,266737.6666666667,66023715.0,598.5866666666667,80688166.66666667,731.5433333333333,1
725,146649,2008-06-01,8933,2375546.3333333335,278746.3333333333,65210103.0,592.9533333333334,79913267.33333333,726.6566666666666,1
726,146867,2008-07-01,9433,2391292.0,290755.0,64396491.0,587.32,79138368.0,721.77,1
727,145909,2008-08-01,9479,2387667.6666666665,283210.3333333333,63355356.333333336,578.7133333333334,78011985.0,712.5966666666667,1
728,145310,2008-09-01,9199,2384043.3333333335,275665.6666666667,62314221.666666664,570.1066666666667,76885602.0,703.4233333333333,1
729,145543,2008-10-01,9469,2380419.0,268121.0,61273087.0,561.5,75759219.0,694.25,1
730,144609,2008-11-01,10015,2380945.6666666665,245418.33333333334,60638127.333333336,557.0533333333333,75092694.66666667,689.8466666666667,1
731,143350,2008-12-01,10999,2381472.3333333335,222715.66666666666,60003167.666666664,552.6066666666667,74426170.33333333,685.4433333333333,1
732,140436,2009-01-01,13009,2381999.0,200013.0,59368208.0,548.16,73759646.0,681.04,1
733,140105,2009-02-01,13699,2395973.3333333335,178716.33333333334,59492955.333333336,547.3666666666667,73877416.33333333,679.7133333333333,1
734,139833,2009-03-01,13895,2409947.6666666665,157419.66666666666,59617702.666666664,546.5733333333333,73995186.66666667,678.3866666666667,1
735,140586,2009-04-01,13248,2423922.0,136123.0,59742450.0,545.78,74112957.0,677.06,1
736,140363,2009-05-01,13973,2431652.3333333335,129866.0,60347154.333333336,552.3033333333333,74716490.33333333,683.8066666666666,1
737,140826,2009-06-01,15095,2439382.6666666665,123609.0,60951858.666666664,558.8266666666667,75320023.66666667,690.5533333333333,1
738,141055,2009-07-01,15201,2447113.0,117352.0,61556563.0,565.35,75923557.0,697.3,0
739,140074,2009-08-01,14823,2458302.6666666665,127017.66666666667,61590074.666666664,563.94,75954670.66666667,695.4666666666666,0
740,139079,2009-09-01,14538,2469492.3333333335,136683.33333333334,61623586.333333336,562.53,75985784.33333333,693.6333333333333,0
741,139088,2009-10-01,14547,2480682.0,146349.0,61657098.0,561.12,76016898.0,691.8,0
742,139132,2009-11-01,14407,2487335.0,161089.33333333334,62075129.333333336,563.0533333333333,76399648.33333333,692.99,0
743,137953,2009-12-01,14740,2493988.0,175829.66666666666,62493160.666666664,564.9866666666667,76782398.66666667,694.18,0
744,136809,2010-01-01,16147,2500641.0,190570.0,62911192.0,566.92,77165149.0,695.37,0
745,137203,2010-02-01,15991,2506341.3333333335,186238.33333333334,62737124.333333336,562.0033333333333,76968411.66666667,689.49,0
746,137983,2010-03-01,15678,2512041.6666666665,181906.66666666666,62563056.666666664,557.0866666666666,76771674.33333333,683.61,0
747,139302,2010-04-01,14609,2517742.0,177575.0,62388989.0,552.17,76574937.0,677.73,0
748,139497,2010-05-01,14369,2514789.6666666665,178745.0,63086802.0,556.9566666666666,77248867.0,682.0,0
749,139882,2010-06-01,14885,2511837.3333333335,179915.0,63784615.0,561.7433333333333,77922797.0,686.27,0
750,140134,2010-07-01,15137,2508885.0,181085.0,64482428.0,566.53,78596727.0,690.54,0
751,139919,2010-08-01,14759,2511563.6666666665,183169.66666666666,65023661.0,569.3266666666666,79133443.66666667,692.8766666666667,0
752,139715,2010-09-01,14140,2514242.3333333335,185254.33333333334,65564894.0,572.1233333333333,79670160.33333333,695.2133333333333,0
753,139749,2010-10-01,13903,2516921.0,187339.0,66106127.0,574.92,80206877.0,697.55,0
754,139415,2010-11-01,14282,2516753.0,188311.0,66469110.666666664,574.53,80560591.0,696.3366666666666,0
755,139159,2010-12-01,13997,2516585.0,189283.0,66832094.333333336,574.14,80914305.0,695.1233333333333,0
756,137599,2011-01-01,14937,2516417.0,190255.0,67195078.0,573.75,81268019.0,693.91,0
757,138093,2011-02-01,14542,2521605.3333333335,207414.33333333334,67331451.66666667,573.4166666666666,81388044.33333333,693.13,0
758,138962,2011-03-01,14060,2526793.6666666665,224573.66666666666,67467825.33333333,573.0833333333334,81508069.66666667,692.35,0
759,139661,2011-04-01,13237,2531982.0,241733.0,67604199.0,572.75,81628095.0,691.57,0
760,140028,2011-05-01,13421,2521924.6666666665,245273.66666666666,66983392.0,565.6566666666666,81003696.33333333,684.0533333333334,0
761,140129,2011-06-01,14409,2511867.3333333335,248814.33333333334,66362585.0,558.5633333333334,80379297.66666667,676.5366666666666,0
762,140384,2011-07-01,14428,2501810.0,252355.0,65741778.0,551.47,79754899.0,669.02,0
763,140335,2011-08-01,14008,2499551.6666666665,241569.0,66204476.333333336,554.3133333333334,80215931.66666667,671.6333333333333,0
764,140502,2011-09-01,13520,2497293.3333333335,230783.0,66667174.666666664,557.1566666666666,80676964.33333333,674.2466666666667,0
765,140987,2011-10-01,13102,2495035.0,219997.0,67129873.0,560.0,81137997.0,676.86,0
766,141070,2011-11-01,12613,2502418.0,231609.33333333334,67784101.33333333,561.31,81772830.33333333,677.1666666666666,0
767,140681,2011-12-01,12692,2509801.0,243221.66666666666,68438329.66666667,562.62,82407663.66666667,677.4733333333334,0
768,139944,2012-01-01,13541,2517184.0,254834.0,69092558.0,563.93,83042497.0,677.78,0
769,140684,2012-02-01,13430,2512569.3333333335,253662.33333333334,69135030.33333333,562.5666666666666,83075270.66666667,675.9966666666667,0
770,141412,2012-03-01,12904,2507954.6666666665,252490.66666666666,69177502.66666667,561.2033333333334,83108044.33333333,674.2133333333333,0
771,141995,2012-04-01,11910,2503340.0,251319.0,69219975.0,559.84,83140818.0,672.43,0
772,142727,2012-05-01,12271,2508788.0,245092.0,69866525.66666667,566.0433333333334,83791922.33333333,678.86,0
773,143202,2012-06-01,13184,2514236.0,238865.0,70513076.33333333,572.2466666666667,84443026.66666667,685.29,0
774,143126,2012-07-01,13400,2519684.0,232638.0,71159627.0,578.45,85094131.0,691.72,0
775,142558,2012-08-01,12696,2520306.0,235246.33333333334,71471763.0,574.6366666666667,85396540.33333333,686.6033333333334,0
776,143333,2012-09-01,11742,2520928.0,237854.66666666666,71783899.0,570.8233333333334,85698949.66666667,681.4866666666667,0
777,144039,2012-10-01,11741,2521550.0,240463.0,72096035.0,567.01,86001359.0,676.37,0
778,143549,2012-11-01,11404,2522423.0,243814.0,73045778.33333333,581.8733333333333,86941265.33333333,692.5233333333333,0
779,143060,2012-12-01,11844,2523296.0,247165.0,73995521.66666667,596.7366666666667,87881171.66666667,708.6766666666667,0
780,141614,2013-01-01,13181,2524169.0,250516.0,74945265.0,611.6,88821078.0,724.83,0
781,142228,2013-02-01,12500,2526650.3333333335,253881.33333333334,75354490.33333333,613.2733333333333,89237425.0,726.26,0
782,142698,2013-03-01,11815,2529131.6666666665,257246.66666666666,75763715.66666667,614.9466666666667,89653772.0,727.69,0
783,143724,2013-04-01,11014,2531613.0,260612.0,76172941.0,616.62,90070119.0,729.12,0
784,144432,2013-05-01,11302,2531320.0,258845.33333333334,77024017.33333333,621.9066666666666,90939895.0,734.27,0
785,144841,2013-06-01,12248,2531027.0,257078.66666666666,77875093.66666667,627.1933333333334,91809671.0,739.4200000000001,0
786,145113,2013-07-01,12083,2530734.0,255312.0,78726170.0,632.48,92679447.0,744.57,0
787,144509,2013-08-01,11462,2532643.6666666665,260047.0,79429570.33333333,637.0366666666666,93440693.33333333,749.4066666666668,0
788,144651,2013-09-01,10885,2534553.3333333335,264782.0,80132970.66666667,641.5933333333334,94201939.66666667,754.2433333333333,0
789,144144,2013-10-01,10773,2536463.0,269517.0,80836371.0,646.15,94963186.0,759.08,0
790,144775,2013-11-01,10271,2540106.0,271500.3333333333,81419808.0,647.2833333333333,95545457.66666667,759.5966666666667,0
791,144423,2013-12-01,9984,2543749.0,273483.6666666667,82003245.0,648.4166666666666,96127729.33333333,760.1133333333333,0
792,143526,2014-01-01,10855,2547392.0,275467.0,82586682.0,649.55,96710001.0,760.63,0
793,144134,2014-02-01,10893,2547736.6666666665,270817.0,83315126.66666667,651.5433333333333,97462502.33333333,762.1866666666666,0
794,145090,2014-03-01,10537,2548081.3333333335,266167.0,84043571.33333333,653.5366666666666,98215003.66666667,763.7433333333333,0
795,145767,2014-04-01,9079,2548426.0,261517.0,84772016.0,655.53,98967505.0,765.3,0
796,146398,2014-05-01,9443,2559417.0,277353.6666666667,84997344.66666667,654.6266666666667,99190230.33333333,763.9366666666666,0
797,147104,2014-06-01,9893,2570408.0,293190.3333333333,85222673.33333333,653.7233333333334,99412955.66666667,762.5733333333334,0
798,147265,2014-07-01,10307,2581399.0,309027.0,85448002.0,652.82,99635681.0,761.21,0
799,146647,2014-08-01,9787,2578229.0,297989.0,85969443.66666667,653.9766666666667,100180870.33333333,762.0866666666667,0
800,146941,2014-09-01,8962,2575059.0,286951.0,86490885.33333333,655.1333333333333,100726059.66666667,762.9633333333334,0
801,147936,2014-10-01,8680,2571889.0,275913.0,87012327.0,656.29,101271249.0,763.84,0
802,147666,2014-11-01,8630,2572701.6666666665,239755.33333333334,87575010.66666667,658.4966666666667,101827272.66666667,765.6666666666667,0
803,147190,2014-12-01,8331,2573514.3333333335,203597.6666666667,88137694.33333333,660.7033333333333,102383296.33333333,767.4933333333333,0
804,146552,2015-01-01,9498,2574327.0,167440.0,88700378.0,662.91,102939320.0,769.32,0
805,147118,2015-02-01,9095,2583343.0,162890.66666666666,88956905.33333333,663.0533333333333,103239169.0,769.5033333333333,0
806,147635,2015-03-01,8682,2592359.0,158341.33333333334,89213432.66666667,663.1966666666667,103539018.0,769.6866666666667,0
807,148587,2015-04-01,7966,2601375.0,153792.0,89469960.0,663.34,103838867.0,769.87,0
808,149349,2015-05-01,8370,2606215.3333333335,154381.0,89140115.66666667,659.1166666666667,103549230.33333333,765.6566666666666,0
809,149645,2015-06-01,8638,2611055.6666666665,154970.0,88810271.33333333,654.8933333333333,103259593.66666667,761.4433333333334,0
810,149722,2015-07-01,8805,2615896.0,155559.0,88480427.0,650.67,102969957.0,757.23,0
811,149228,2015-08-01,8162,2618716.0,148079.66666666666,88973958.33333333,653.2266666666667,103467892.33333333,759.6433333333333,0
812,148980,2015-09-01,7628,2621536.0,140600.33333333334,89467489.66666667,655.7833333333333,103965827.66666667,762.0566666666667,0
813,149716,2015-10-01,7597,2624356.0,133121.0,89961021.0,658.34,104463763.0,764.47,0
814,149766,2015-11-01,7573,2623336.0,118549.66666666667,90348856.33333333,659.2833333333333,104855721.33333333,765.14,0
815,149703,2015-12-01,7542,2622316.0,103978.33333333333,90736691.66666667,660.2266666666667,105247679.66666667,765.8100000000001,0
816,149037,2016-01-01,8309,2621296.0,89407.0,91124527.0,661.17,105639638.0,766.48,0
817,150060,2016-02-01,8219,2628505.0,85223.0,91703250.0,664.4033333333333,106263786.66666667,769.8933333333333,0
818,150738,2016-03-01,8116,2635714.0,81039.0,92281973.0,667.6366666666667,106887935.33333333,773.3066666666667,0
819,151075,2016-04-01,7413,2642923.0,76855.0,92860696.0,670.87,107512084.0,776.72,0
820,151594,2016-05-01,7207,2651375.6666666665,87448.0,93410530.33333333,672.7833333333333,108120489.33333333,778.7333333333333,0
821,151990,2016-06-01,8144,2659828.3333333335,98041.0,93960364.66666667,674.6966666666667,108728894.66666667,780.7466666666667,0
822,152437,2016-07-01,8267,2668281.0,108634.0,94510199.0,676.61,109337300.0,782.76,0
823,151804,2016-08-01,7996,2672519.3333333335,108004.33333333333,94668901.33333333,675.2566666666667,109530447.0,781.2633333333333,0
824,151977,2016-09-01,7658,2676757.6666666665,107374.66666666667,94827603.66666667,673.9033333333333,109723594.0,779.7666666666667,0
825,152335,2016-10-01,7447,2680996.0,106745.0,94986306.0,672.55,109916741.0,778.27,0
826,152385,2016-11-01,7066,2683965.6666666665,124703.0,95778454.0,674.48,110728661.33333333,779.7733333333333,0
827,151798,2016-12-01,7170,2686935.3333333335,142661.0,96570602.0,676.41,111540581.66666667,781.2766666666666,0
828,150527,2017-01-01,8149,2689905.0,160619.0,97362750.0,678.34,112352502.0,782.78,0
829,151594,2017-02-01,7887,2691844.6666666665,162665.66666666666,98085575.0,680.4233333333334,113127537.0,784.7766666666666,0
830,152628,2017-03-01,7284,2693784.3333333335,164712.33333333334,98808400.0,682.5066666666667,113902572.0,786.7733333333333,0
831,153262,2017-04-01,6555,2695724.0,166759.0,99531225.0,684.59,114677607.0,788.77,0
832,153407,2017-05-01,6572,2702433.0,155778.33333333334,100101008.0,686.0866666666667,115296919.33333333,790.24,0
833,154086,2017-06-01,7250,2709142.0,144797.66666666666,100670791.0,687.5833333333334,115916231.66666667,791.7099999999999,0
834,154470,2017-07-01,7441,2715851.0,133817.0,101240574.0,689.08,116535544.0,793.18,0
835,153576,2017-08-01,7287,2731025.6666666665,136227.33333333334,102072177.0,691.8966666666666,117432960.66666667,796.0233333333333,0
836,154494,2017-09-01,6556,2746200.3333333335,138637.66666666666,102903780.0,694.7133333333334,118330377.33333333,798.8666666666667,0
837,154223,2017-10-01,6242,2761375.0,141048.0,103735383.0,697.53,119227794.0,801.71,0
838,154180,2017-11-01,6286,2774683.0,150454.66666666666,104083651.66666667,695.8166666666666,119593284.66666667,799.51,0
839,153602,2017-12-01,6278,2787991.0,159861.33333333334,104431920.33333333,694.1033333333334,119958775.33333333,797.3100000000001,0
840,152848,2018-01-01,7189,2801299.0,169268.0,104780189.0,692.39,120324266.0,795.11,0
841,154403,2018-02-01,7091,2813915.0,170565.33333333334,105222356.0,692.0233333333333,120809581.33333333,794.54,0
842,154877,2018-03-01,6671,2826531.0,171862.66666666666,105664523.0,691.6566666666666,121294896.66666667,793.97,0
843,155348,2018-04-01,5932,2839147.0,173160.0,106106690.0,691.29,121780212.0,793.4,0
844,156009,2018-05-01,5756,2854605.0,175983.0,106788057.0,692.5,122518502.33333333,794.51,0
845,156465,2018-06-01,6812,2870063.0,178806.0,107469424.0,693.7099999999999,123256792.66666667,795.62,0
846,157004,2018-07-01,6730,2885521.0,181629.0,108150791.0,694.92,123995083.0,796.73,0
847,155539,2018-08-01,6370,2894667.3333333335,185318.33333333334,106875965.33333333,683.7833333333333,122763494.66666667,785.42,0
848,156191,2018-09-01,5766,2903813.6666666665,189007.66666666666,105601139.66666667,672.6466666666666,121531906.33333333,774.11,0
849,156952,2018-10-01,5771,2912960.0,192697.0,104326314.0,661.51,120300318.0,762.8,0
850,157015,2018-11-01,5650,2921701.3333333335,184432.66666666666,106395475.0,671.4533333333334,122379793.33333333,772.35,0
851,156481,2018-12-01,6029,2930442.6666666665,176168.33333333334,108464636.0,681.3966666666666,124459268.66666667,781.9,0
852,154964,2019-01-01,7140,2939184.0,167904.0,110533797.0,691.34,126538744.0,791.45,0
853,156167,2019-02-01,6625,2958816.0,167931.0,111284031.33333333,694.9666666666667,127357311.66666667,795.35,0
854,156441,2019-03-01,6382,2978448.0,167958.0,112034265.66666667,698.5933333333334,128175879.33333333,799.25,0
855,156710,2019-04-01,5387,2998080.0,167985.0,112784500.0,702.22,128994447.0,803.15,0
856,157152,2019-05-01,5503,3012089.6666666665,166232.33333333334,113017729.0,701.4966666666667,129294913.0,802.53,0
857,157828,2019-06-01,6292,3026099.3333333335,164479.66666666666,113250958.0,700.7733333333333,129595379.0,801.91,0
858,158385,2019-07-01,6556,3040109.0,162727.0,113484187.0,700.05,129895845.0,801.29,0
859,157816,2019-08-01,6203,3054166.3333333335,162122.66666666666,114623998.33333333,704.78,131100363.66666667,806.09,0
860,158478,2019-09-01,5465,3068223.6666666665,161518.33333333334,115763809.66666667,709.51,132304882.33333333,810.89,0
861,159067,2019-10-01,5510,3082281.0,160914.0,116903621.0,714.24,133509401.0,815.69,0
862,158945,2019-11-01,5441,3101255.3333333335,153526.0,114891980.33333333,699.88,131517167.66666667,801.14,0
863,158504,2019-12-01,5503,3120229.6666666665,146138.0,112880339.66666667,685.52,129524934.33333333,786.59,0
864,156994,2020-01-01,6504,3139204.0,138750.0,110868699.0,671.16,127532701.0,772.04,0
865,158017,2020-02-01,6218,3161803.6666666665,104682.0,113491090.0,666.4566666666666,130155313.66666667,764.4499999999999,1
866,155167,2020-03-01,7370,3184403.3333333335,70614.0,116113481.0,661.7533333333333,132777926.33333333,756.86,1
867,133326,2020-04-01,22504,3207003.0,36546.0,118735872.0,657.05,135400539.0,749.27,1
868,137461,2020-05-01,20514,3197895.0,48336.666666666664,120217909.66666667,671.5966666666667,136966526.33333334,765.15,0
869,142811,2020-06-01,18072,3188787.0,60127.33333333333,121699947.33333333,686.1433333333333,138532513.66666666,781.03,0
870,144492,2020-07-01,16882,3179679.0,71918.0,123181985.0,700.69,140098501.0,796.91,0
871,147224,2020-08-01,13742,3182207.3333333335,81235.66666666667,125944876.66666667,720.1500000000001,142948942.0,817.36,0
872,147796,2020-09-01,12277,3184735.6666666665,90553.33333333333,128707768.33333333,739.61,145799383.0,837.81,0
873,150433,2020-10-01,10620,3187264.0,99871.0,131470660.0,759.07,148649824.0,858.26,0
874,150203,2020-11-01,10264,3231520.3333333335,121061.0,133150279.33333333,738.39,150386362.33333334,834.0466666666666,0
875,149613,2020-12-01,10404,3275776.6666666665,142251.0,134829898.66666666,717.71,152122900.66666666,809.8333333333334,0
876,148383,2021-01-01,10851,3320033.0,163441.0,136509518.0,697.03,153859439.0,785.62,0
877,149522,2021-02-01,10486,3325724.0,173450.33333333334,138740727.0,724.93,156331493.33333334,816.8333333333334,0
878,150493,2021-03-01,9905,3331415.0,183459.66666666666,140971936.0,752.83,158803547.66666666,848.0466666666666,0
879,151160,2021-04-01,9220,3337106.0,193469.0,143203145.0,780.73,161275602.0,879.26,0
880,151778,2021-05-01,8829,3350785.3333333335,201310.66666666666,144331452.0,786.79,162521174.33333334,885.9466666666667,0
881,152283,2021-06-01,9883,3364464.6666666665,209152.33333333334,145459759.0,792.85,163766746.66666666,892.6333333333333,0
882,153596,2021-07-01,9221,3378144.0,216994.0,146588066.0,798.91,165012319.0,899.32,0
883,153232,2021-08-01,8556,3395362.3333333335,242979.33333333334,147871805.0,805.4033333333333,166427080.66666666,906.4633333333334,0
884,154026,2021-09-01,7366,3412580.6666666665,268964.6666666667,149155544.0,811.8966666666666,167841842.33333334,913.6066666666667,0
885,154966,2021-10-01,6896,3429799.0,294950.0,150439283.0,818.39,169256604.0,920.75,0
886,155797,2021-11-01,6302,3444267.0,297966.0,151007945.66666666,823.52,169892044.33333334,926.4966666666667,0
887,155732,2021-12-01,5964,3458735.0,300982.0,151576608.33333334,828.65,170527484.66666666,932.2433333333333,0
888,155618,2022-01-01,7207,3473203.0,303998.0,152145271.0,833.78,171162925.0,937.99,0
889,156942,2022-02-01,6782,3501185.0,334864.6666666667,150200970.33333334,819.4533333333333,169337976.0,923.8333333333334,0
890,158106,2022-03-01,6168,3529167.0,365731.3333333333,148256669.66666666,805.1266666666667,167513027.0,909.6766666666666,0
891,157991,2022-04-01,5458,3557149.0,396598.0,146312369.0,790.8,165688078.0,895.52,0
892,158609,2022-05-01,5548,3569936.3333333335,392388.0,145149510.66666666,779.3366666666666,164634271.33333334,883.9333333333333,0
893,158678,2022-06-01,6334,3582723.6666666665,388178.0,143986652.33333334,767.8733333333333,163580464.66666666,872.3466666666667,0
894,159067,2022-07-01,6255,3595511.0,383968.0,142823794.0,756.41,162526658.0,860.76,0
895,158714,2022-08-01,6256,3615155.3333333335,363196.3333333333,143100972.0,753.9566666666666,162877641.0,858.1533333333333,0
896,159003,2022-09-01,5460,3634799.6666666665,342424.6666666667,143378150.0,751.5033333333333,163228624.0,855.5466666666667,0
897,159144,2022-10-01,5609,3654444.0,321653.0,143655328.0,749.05,163579607.0,852.94,0
898,158749,2022-11-01,5523,3670320.3333333335,315855.6666666667,144650100.33333334,745.24,164585862.66666666,847.9633333333334,0
899,158872,2022-12-01,5352,3686196.6666666665,310058.3333333333,145644872.66666666,741.43,165592118.33333334,842.9866666666667,0
900,158692,2023-01-01,6378,3702073.0,304261.0,146639645.0,737.62,166598374.0,838.01,0
901,159713,2023-02-01,6465,3699868.0,291889.0,148526576.0,743.5133333333333,168541500.0,843.7133333333334,0
902,160741,2023-03-01,6043,3697663.0,279517.0,150413507.0,749.4066666666666,170484626.0,849.4166666666666,0
903,161075,2023-04-01,5146,3695458.0,267145.0,152300438.0,755.3,172427752.0,855.12,0
904,161002,2023-05-01,5700,3727024.0,271724.6666666667,152300438.0,755.3,172427752.0,855.12,0
905,161559,2023-06-01,6351,3758590.0,276304.3333333333,152300438.0,755.3,172427752.0,855.12,0
906,161982,2023-07-01,6372,3790156.0,280884.0,152300438.0,755.3,172427752.0,855.12,0
907,161427,2023-08-01,6623,3800420.6666666665,280884.0,152300438.0,755.3,172427752.0,855.12,0
908,161669,2023-09-01,6049,3810685.3333333335,280884.0,152300438.0,755.3,172427752.0,855.12,0
909,161676,2023-10-01,6098,3820950.0,280884.0,152300438.0,755.3,172427752.0,855.12,0
910,162149,2023-11-01,5827,3820950.0,280884.0,152300438.0,755.3,172427752.0,855.12,0
911,160754,2023-12-01,5907,3820950.0,280884.0,152300438.0,755.3,172427752.0,855.12,0
912,159650,2024-01-01,6778,3820950.0,280884.0,152300438.0,755.3,172427752.0,855.12,0
913,160315,2024-02-01,6970,3820950.0,280884.0,152300438.0,755.3,172427752.0,855.12,0
